[0.000s 3MB] Version: 1.5-3ddd37fbe52ccfd2dafe1116d03a3f7c2274bc3e
[0.000s 3MB] PDDL: BEGIN
[0.000s 3MB] PDDL: Cfg: force_adl = true
[0.000s 3MB] PDDL: Cfg: normalize = true
[0.000s 3MB] PDDL: Cfg: normalize_compile_away_dynamic_neg_cond = true
[0.000s 3MB] PDDL: Cfg: normalize_compile_away_only_goal_neg_cond = false
[0.000s 3MB] PDDL: Cfg: normalize_compile_away_all_neg_cond = false
[0.000s 3MB] PDDL: Cfg: normalize_compile_away_neg_cond_only_relevant_facts = true
[0.000s 3MB] PDDL: Cfg: remove_empty_types = true
[0.000s 3MB] PDDL: Cfg: compile_away_cond_eff = false
[0.000s 3MB] PDDL: Cfg: compile_away_disjunctive_goals = false
[0.000s 3MB] PDDL: Cfg: enforce_unit_cost = false
[0.000s 3MB] PDDL: Cfg: keep_all_actions = false
[0.000s 3MB] PDDL: Processing ../pddl-data/ipc-opt-noce/truck26/domain.pddl and ../pddl-data/ipc-opt-noce/truck26/2_trucks_3_locs.pddl.
[0.000s 3MB] PDDL: Parse Domain: BEGIN
[0.000s 3MB] PDDL: Parse Domain: Parsing domain file ../pddl-data/ipc-opt-noce/truck26/domain.pddl
[0.000s 3MB] PDDL: Parse Domain: TOK: BEGIN
[0.000s 3MB] PDDL: Parse Domain: TOK: mmaped 1435 bytes from file /home/wefjyl/vsc_projects/pddl-data/ipc-opt-noce/truck26/domain.pddl
[0.001s 3MB] PDDL: Parse Domain: TOK: File /home/wefjyl/vsc_projects/pddl-data/ipc-opt-noce/truck26/domain.pddl tokenized. tokens: 221, strings: 38
[0.001s 3MB] PDDL: Parse Domain: TOK: END elapsed time: 0.000
[0.001s 3MB] PDDL: Parse Domain: Parsing domain...
[0.001s 3MB] PDDL: Parse Domain: Parsing :requirements...
[0.001s 3MB] PDDL: Parse Domain: Parsing :types...
[0.001s 3MB] PDDL: Parse Domain: Parsing :constants...
[0.001s 3MB] PDDL: Parse Domain: Missing (:constants ...) section.
[0.001s 3MB] PDDL: Parse Domain: Parsing :predicates...
[0.001s 3MB] PDDL: Parse Domain: Parsing :functions...
[0.001s 3MB] PDDL: Parse Domain: Parsing actions...
[0.001s 3MB] PDDL: Parse Domain: Parsed 3 :action sections
[0.001s 3MB] PDDL: Parse Domain: Parsing axioms...
[0.001s 3MB] PDDL: Parse Domain: Parsed 0 :derived sections
[0.001s 3MB] PDDL: Parse Domain: END elapsed time: 0.001
[0.001s 3MB] PDDL: Parse Problem: BEGIN
[0.001s 3MB] PDDL: Parse Problem: Parsing problem file ../pddl-data/ipc-opt-noce/truck26/2_trucks_3_locs.pddl
[0.001s 3MB] PDDL: Parse Problem: TOK: BEGIN
[0.001s 3MB] PDDL: Parse Problem: TOK: mmaped 409 bytes from file /home/wefjyl/vsc_projects/pddl-data/ipc-opt-noce/truck26/2_trucks_3_locs.pddl
[0.001s 3MB] PDDL: Parse Problem: TOK: File /home/wefjyl/vsc_projects/pddl-data/ipc-opt-noce/truck26/2_trucks_3_locs.pddl tokenized. tokens: 93, strings: 23
[0.001s 3MB] PDDL: Parse Problem: TOK: END elapsed time: 0.000
[0.001s 3MB] PDDL: Parse Problem: Parsing problem...
[0.001s 3MB] PDDL: Parse Problem: Parsing :domain...
[0.001s 3MB] PDDL: Parse Problem: Parsing :objects...
[0.001s 3MB] PDDL: Parse Problem: Parsing :init...
[0.001s 3MB] PDDL: Parse Problem: Parsing :goal...
[0.001s 3MB] PDDL: Parse Problem: Parsing :metric...
[0.001s 3MB] PDDL: Parse Problem: Missing (:metric ...) section.
[0.001s 3MB] PDDL: Parse Problem: END elapsed time: 0.000
[0.001s 3MB] PDDL: PDDL-Norm: BEGIN
[0.001s 3MB] PDDL: PDDL-Norm: Before normalization: types: 5, objects: 6, predicates: 5, functions: 1, actions: 3, action-pre-size: [min: 2, max: 2, avg: 2.33, med: 3.00]
[0.002s 3MB] PDDL: PDDL-Norm: Removed actions with unsatisfiable parameters: types: 5, objects: 6, predicates: 5, functions: 1, actions: 3, action-pre-size: [min: 2, max: 2, avg: 2.33, med: 3.00]
[0.002s 3MB] PDDL: PDDL-Norm: Actions normalized: types: 5, objects: 6, predicates: 5, functions: 1, actions: 3, action-pre-size: [min: 2, max: 2, avg: 2.33, med: 3.00]
[0.002s 3MB] PDDL: PDDL-Norm: Actions split: types: 5, objects: 6, predicates: 5, functions: 1, actions: 3, action-pre-size: [min: 2, max: 2, avg: 2.33, med: 3.00]
[0.002s 3MB] PDDL: PDDL-Norm: Neg-Cond: BEGIN
[0.002s 3MB] PDDL: PDDL-Norm: Neg-Cond: Cfg: only_dynamic: true
[0.002s 3MB] PDDL: PDDL-Norm: Neg-Cond: Cfg: only_goal: false
[0.002s 3MB] PDDL: PDDL-Norm: Neg-Cond: Cfg: only_relevant_facts_in_init: true
[0.002s 3MB] PDDL: PDDL-Norm: Neg-Cond: No negative conditions.
[0.002s 3MB] PDDL: PDDL-Norm: Neg-Cond: END elapsed time: 0.000
[0.002s 3MB] PDDL: PDDL-Norm: Detected irrelevant function: total-cost
[0.002s 3MB] PDDL: PDDL-Norm: Removed irrelevant/unreachable predicates/functions/actions: types: 5, objects: 6, predicates: 5, functions: 0, actions: 3, action-pre-size: [min: 2, max: 2, avg: 2.33, med: 3.00]
[0.002s 3MB] PDDL: PDDL-Norm: Actions normalized: types: 5, objects: 6, predicates: 5, functions: 0, actions: 3, action-pre-size: [min: 2, max: 2, avg: 2.33, med: 3.00]
[0.002s 3MB] PDDL: PDDL-Norm: PDDL task normalized. types: 5, objects: 6, predicates: 5, functions: 0, actions: 3, action-pre-size: [min: 2, max: 2, avg: 2.33, med: 3.00]
[0.002s 3MB] PDDL: PDDL-Norm: END elapsed time: 0.000
[0.002s 3MB] PDDL: PDDL rm empty-types: BEGIN
[0.002s 3MB] PDDL: PDDL rm empty-types: Removed 0 empty types
[0.002s 3MB] PDDL: PDDL rm empty-types: END elapsed time: 0.000
[0.002s 3MB] PDDL: PDDL-Norm: BEGIN
[0.002s 3MB] PDDL: PDDL-Norm: Before normalization: types: 5, objects: 6, predicates: 5, functions: 0, actions: 3, action-pre-size: [min: 2, max: 2, avg: 2.33, med: 3.00]
[0.002s 3MB] PDDL: PDDL-Norm: Removed actions with unsatisfiable parameters: types: 5, objects: 6, predicates: 5, functions: 0, actions: 3, action-pre-size: [min: 2, max: 2, avg: 2.33, med: 3.00]
[0.002s 3MB] PDDL: PDDL-Norm: Actions normalized: types: 5, objects: 6, predicates: 5, functions: 0, actions: 3, action-pre-size: [min: 2, max: 2, avg: 2.33, med: 3.00]
[0.002s 3MB] PDDL: PDDL-Norm: Actions split: types: 5, objects: 6, predicates: 5, functions: 0, actions: 3, action-pre-size: [min: 2, max: 2, avg: 2.33, med: 3.00]
[0.002s 3MB] PDDL: PDDL-Norm: Neg-Cond: BEGIN
[0.002s 3MB] PDDL: PDDL-Norm: Neg-Cond: Cfg: only_dynamic: true
[0.002s 3MB] PDDL: PDDL-Norm: Neg-Cond: Cfg: only_goal: false
[0.002s 3MB] PDDL: PDDL-Norm: Neg-Cond: Cfg: only_relevant_facts_in_init: true
[0.002s 3MB] PDDL: PDDL-Norm: Neg-Cond: No negative conditions.
[0.002s 3MB] PDDL: PDDL-Norm: Neg-Cond: END elapsed time: 0.000
[0.002s 3MB] PDDL: PDDL-Norm: Removed irrelevant/unreachable predicates/functions/actions: types: 5, objects: 6, predicates: 5, functions: 0, actions: 3, action-pre-size: [min: 2, max: 2, avg: 2.33, med: 3.00]
[0.002s 3MB] PDDL: PDDL-Norm: PDDL task normalized. types: 5, objects: 6, predicates: 5, functions: 0, actions: 3, action-pre-size: [min: 2, max: 2, avg: 2.33, med: 3.00]
[0.002s 3MB] PDDL: PDDL-Norm: END elapsed time: 0.000
[0.002s 3MB] PDDL: Number of PDDL Types: 5
[0.002s 3MB] PDDL: Number of PDDL Objects: 6
[0.002s 3MB] PDDL: Number of PDDL Predicates: 5
[0.002s 3MB] PDDL: Number of PDDL Functions: 0
[0.002s 3MB] PDDL: Number of PDDL Actions: 3
[0.002s 3MB] PDDL: PDDL Metric: false
[0.002s 3MB] PDDL: END elapsed time: 0.002
[0.002s 3MB] LMG: BEGIN
[0.002s 3MB] LMG: Cfg: max_candidates = 10000
[0.002s 3MB] LMG: Cfg: max_mgroups = 10000
[0.002s 3MB] LMG: Cfg: fd = false
[0.002s 3MB] LMG: Cfg: fd_monotonicity = false
[0.002s 3MB] LMG: LMG-FAM-Group: BEGIN
[0.002s 3MB] LMG: LMG-FAM-Group: limit.max_candidates = 10000
[0.002s 3MB] LMG: LMG-FAM-Group: limit.max_mgroups = 10000
[0.002s 3MB] LMG: LMG-FAM-Group: Inference of lifted fam-groups ...
[0.003s 3MB] LMG: LMG-FAM-Group:   3 initial candidates.
[0.003s 3MB] LMG: LMG-FAM-Group: Tested candidates: 31, Num candidates: 31, Proved: 10
[0.003s 3MB] LMG: LMG-FAM-Group: Inference of lifted fam-groups done. Found mutex groups: 3
[0.003s 3MB] LMG: LMG-FAM-Group: END elapsed time: 0.001
[0.003s 3MB] LMG: LMG-Set-Exactly-One: BEGIN
[0.003s 3MB] LMG: LMG-Set-Exactly-One: Looking for exactly-one lifted mgroups ...
[0.003s 3MB] LMG: LMG-Set-Exactly-One: Found 3 exactly-one lifted mgroups.
[0.003s 3MB] LMG: LMG-Set-Exactly-One: END elapsed time: 0.000
[0.003s 3MB] LMG: LMG-Set-Static: BEGIN
[0.003s 3MB] LMG: LMG-Set-Static: Looking for static lifted mgroups ...
[0.003s 3MB] LMG: LMG-Set-Static: Found 0 static lifted mgroups.
[0.003s 3MB] LMG: LMG-Set-Static: END elapsed time: 0.000
[0.003s 3MB] LMG: END elapsed time: 0.001
[0.003s 3MB] Lifted endomorphisms disabled
[0.003s 3MB] GR: BEGIN
[0.003s 3MB] GR: Cfg: method = datalog
[0.003s 3MB] GR: Cfg: lifted_mgroups->mgroup_size = 3
[0.003s 3MB] GR: Cfg: prune_op_pre_mutex = true
[0.003s 3MB] GR: Cfg: prune_op_dead_end = true
[0.003s 3MB] GR: Cfg: remove_static_facts = true
[0.003s 3MB] GR: Cfg: keep_action_args = false
[0.003s 3MB] GR: Cfg: keep_all_static_facts = false
[0.003s 3MB] GR: Cfg: ground_only_facts = false
[0.003s 3MB] GR: Cfg: gringo_lpopt = (null)
[0.003s 3MB] GR: Ground DL: BEGIN
[0.003s 3MB] GR: Ground DL: Cfg: method = datalog
[0.003s 3MB] GR: Ground DL: Cfg: lifted_mgroups->mgroup_size = 3
[0.003s 3MB] GR: Ground DL: Cfg: prune_op_pre_mutex = true
[0.003s 3MB] GR: Ground DL: Cfg: prune_op_dead_end = true
[0.003s 3MB] GR: Ground DL: Cfg: remove_static_facts = true
[0.003s 3MB] GR: Ground DL: Cfg: keep_action_args = false
[0.003s 3MB] GR: Ground DL: Cfg: keep_all_static_facts = false
[0.003s 3MB] GR: Ground DL: Cfg: ground_only_facts = false
[0.003s 3MB] GR: Ground DL: Cfg: gringo_lpopt = (null)
[0.003s 3MB] GR: Ground DL: Grounding using datalog ...
[0.003s 3MB] GR: Ground DL: DL Normal form: BEGIN
[0.003s 3MB] GR: Ground DL: DL Normal form: Normal form of the datalog program start (consts: 6, vars: 3, predicates: 10, rules: 25)
[0.003s 3MB] GR: Ground DL: DL Normal form: reduce-rule-set: Nothing to reduce
[0.003s 3MB] GR: Ground DL: DL Normal form: Normal form of the datalog program DONE (consts: 6, vars: 3, predicates: 13, rules: 28)
[0.003s 3MB] GR: Ground DL: DL Normal form: END elapsed time: 0.000
[0.003s 3MB] GR: Ground DL: DL Canonical Model: BEGIN
[0.003s 3MB] GR: Ground DL: DL Canonical Model: start (consts: 6, vars: 3, predicates: 13, rules: 28)
[0.004s 3MB] GR: Ground DL: DL Canonical Model: Added initial facts: 18
[0.004s 3MB] GR: Ground DL: DL Canonical Model: DONE (facts: 61, db-mem: 0MB)
[0.004s 3MB] GR: Ground DL: DL Canonical Model: END elapsed time: 0.000
[0.004s 3MB] GR: Ground DL: Grounding finished: 20 actions, 13 facts, 4 static facts, 0 functions
[0.004s 3MB] GR: Ground DL: Strips Maker: BEGIN
[0.004s 3MB] GR: Ground DL: Strips Maker: Created 13 STRIPS facts
[0.004s 3MB] GR: Ground DL: Strips Maker: Created init state consisting of 5 facts
[0.004s 3MB] GR: Ground DL: Strips Maker: Goal created consisting of 3 facts
[0.004s 3MB] GR: Ground DL: Strips Maker: Operators sorted.
[0.004s 3MB] GR: Ground DL: Strips Maker: Created 20 operators
[0.004s 3MB] GR: Ground DL: Strips Maker: Found 0 static facts
[0.004s 3MB] GR: Ground DL: Strips Maker: Merged conditional effects where possible.
[0.004s 3MB] GR: Ground DL: Strips Maker: Operators deduplicated. Num operators: 20
[0.004s 3MB] GR: Ground DL: Strips Maker: Number of Strips Operators: 20
[0.004s 3MB] GR: Ground DL: Strips Maker: Number of Strips Facts: 13
[0.004s 3MB] GR: Ground DL: Strips Maker: Number of Strips Operators with Conditional Effects: 0
[0.004s 3MB] GR: Ground DL: Strips Maker: Goal is unreachable: 0
[0.004s 3MB] GR: Ground DL: Strips Maker: Has Conditional Effects: 0
[0.004s 3MB] GR: Ground DL: Strips Maker: PDDL grounded to STRIPS.
[0.004s 3MB] GR: Ground DL: Strips Maker: END elapsed time: 0.000
[0.004s 3MB] GR: Ground DL: Grounding finished.
[0.004s 3MB] GR: Ground DL: Number of Strips Operators: 20
[0.004s 3MB] GR: Ground DL: Number of Strips Facts: 13
[0.004s 3MB] GR: Ground DL: Goal is unreachable: 0
[0.004s 3MB] GR: Ground DL: Has Conditional Effects: 0
[0.004s 3MB] GR: Ground DL: Number of Strips Operators with Conditional Effects: 0
[0.004s 3MB] GR: Ground DL: END elapsed time: 0.001
[0.004s 3MB] GR: END elapsed time: 0.001
[0.004s 3MB] Ground LMG: BEGIN
[0.004s 3MB] Ground LMG: Grounding of lifted mutex groups ...
[0.004s 3MB] Ground LMG: Found 5 mutex groups
[0.004s 3MB] Ground LMG: Found 18 mutex pairs
[0.004s 3MB] Ground LMG: END elapsed time: 0.000
[0.004s 3MB] Inference of mutex groups disabled.
[0.004s 3MB] STRIPS-P: BEGIN
[0.004s 3MB] STRIPS-P: Removed 0 facts, 0 operators
[0.004s 3MB] STRIPS-P: Number of Strips Operators: 20
[0.004s 3MB] STRIPS-P: Number of Strips Facts: 13
[0.004s 3MB] STRIPS-P: Goal is unreachable: 0
[0.004s 3MB] STRIPS-P: Has Conditional Effects: 0
[0.004s 3MB] STRIPS-P: Number of Strips Operators with Conditional Effects: 0
[0.004s 3MB] STRIPS-P: END elapsed time: 0.000
[0.004s 3MB] FDR: BEGIN
[0.004s 3MB] FDR: Cfg: var: alg = largest-first
[0.004s 3MB] FDR: Cfg: var: ignore_negated_facts = false
[0.004s 3MB] FDR: Cfg: set_none_of_those_in_pre = false
[0.004s 3MB] FDR: Created 5 variables.
[0.004s 3MB] FDR: Created 15 facts.
[0.004s 3MB] FDR: Created 2 none-of-those values.
[0.004s 3MB] FDR: Created initial state.
[0.004s 3MB] FDR: Created goal specification.
[0.004s 3MB] FDR: Created 20 operators
[0.004s 3MB] FDR: Created 0 operators with conditional effects
[0.004s 3MB] FDR: Translation took 0.00 seconds
[0.004s 3MB] FDR: END elapsed time: 0.000
[0.004s 3MB] FDR variables reordered using causal graph.
[0.004s 3MB] GPLAN: BEGIN
[0.004s 3MB] GPLAN: Heuristic: h2


!INITIALISING H2!

n: 17
total number of facts: 153 
fact_goal index: 15 
no-pre index: 16 
Number of actions: 21
op_goal index: 20

Variable id: 0 
Value 0, global id 8: atlocation t2 l1 
Value 1, global id 9: atlocation t2 l2 
Value 2, global id 10: atlocation t2 l3 


Variable id: 1 
Value 0, global id 5: atlocation t1 l1 
Value 1, global id 6: atlocation t1 l2 
Value 2, global id 7: atlocation t1 l3 


Variable id: 2 
Value 0, global id 11: empty t1 
Value 1, global id 12: none-of-those 


Variable id: 3 
Value 0, global id 13: empty t2 
Value 1, global id 14: none-of-those 


Variable id: 4 
Value 0, global id 0: atlocation p1 l1 
Value 1, global id 1: atlocation p1 l2 
Value 2, global id 2: atlocation p1 l3 
Value 3, global id 3: packageintruck t1 p1 
Value 4, global id 4: packageintruck t2 p1 


[0.005s 3MB] GPLAN: Search: astar
[0.005s 3MB] GPLAN: State pool created. bytes per state: 4
[0.005s 3MB] GPLAN: State space created. bytes per state node: 12


STARTING HEURISTIC COMPUTATION:

--------------------------------
ITERATION 0: Length of C: 16
Popped element k with id 16 and h-value of 0. k is a singleton fact.

--------------------------------
ITERATION 1: Length of C: 15
Popped element k with id 1 and h-value of 0. k is a singleton fact.

Action 15 has k as precondition. Unsat was 6 and decremented to 5

Action 18 has k as precondition. Unsat was 6 and decremented to 5

--------------------------------
ITERATION 2: Length of C: 14
Popped element k with id 44 and h-value of 0. k is a pair of facts (1,13)

Action 18 has k as precondition. Unsat was 5 and decremented to 4

--------------------------------
ITERATION 3: Length of C: 13
Popped element k with id 13 and h-value of 0. k is a singleton fact.

Action 17 has k as precondition. Unsat was 6 and decremented to 5

Action 18 has k as precondition. Unsat was 4 and decremented to 3

Action 19 has k as precondition. Unsat was 6 and decremented to 5

--------------------------------
ITERATION 4: Length of C: 12
Popped element k with id 42 and h-value of 0. k is a pair of facts (1,11)

Action 15 has k as precondition. Unsat was 5 and decremented to 4

--------------------------------
ITERATION 5: Length of C: 11
Popped element k with id 139 and h-value of 0. k is a pair of facts (11,13)

--------------------------------
ITERATION 6: Length of C: 10
Popped element k with id 11 and h-value of 0. k is a singleton fact.

Action 14 has k as precondition. Unsat was 6 and decremented to 5

Action 15 has k as precondition. Unsat was 4 and decremented to 3

Action 16 has k as precondition. Unsat was 6 and decremented to 5

--------------------------------
ITERATION 7: Length of C: 9
Popped element k with id 36 and h-value of 0. k is a pair of facts (1,5)

--------------------------------
ITERATION 8: Length of C: 8
Popped element k with id 94 and h-value of 0. k is a pair of facts (5,13)

--------------------------------
ITERATION 9: Length of C: 7
Popped element k with id 92 and h-value of 0. k is a pair of facts (5,11)

Action 14 has k as precondition. Unsat was 5 and decremented to 4

--------------------------------
ITERATION 10: Length of C: 6
Popped element k with id 5 and h-value of 0. k is a singleton fact.

Action 0 has k as precondition. Unsat was 1 and decremented to 0, so we apply the action

id_q 0 variable is 4 - persistent fact not yet applicable, storing for later
id_q 1 variable is 4 - applying additional context for persistent fact
    added context: (6, 1): val 1, 
id_q 2 variable is 4 - persistent fact not yet applicable, storing for later
id_q 3 variable is 4 - persistent fact not yet applicable, storing for later
id_q 4 variable is 4 - persistent fact not yet applicable, storing for later
id_q 5 variable is 1 - mutex optimisation triggered
id_q 6 variable is 1 - mutex optimisation triggered
id_q 7 variable is 1 - mutex optimisation triggered
id_q 8 variable is 0 - persistent fact not yet applicable, storing for later
id_q 9 variable is 0 - persistent fact not yet applicable, storing for later
id_q 10 variable is 0 - applying additional context for persistent fact
    added context: (6, 10): val 1, 
id_q 11 variable is 2 - applying additional context for persistent fact
    added context: (6, 11): val 1, 
id_q 12 variable is 2 - persistent fact not yet applicable, storing for later
id_q 13 variable is 3 - applying additional context for persistent fact
    added context: (6, 13): val 1, 
id_q 14 variable is 3 - persistent fact not yet applicable, storing for later

Applying the action itself: added (6, 6): val 1, 

Action 8 has k as precondition. Unsat was 3 and decremented to 2

Action 14 has k as precondition. Unsat was 4 and decremented to 3

--------------------------------
ITERATION 11: Length of C: 10
Popped element k with id 41 and h-value of 0. k is a pair of facts (1,10)

--------------------------------
ITERATION 12: Length of C: 9
Popped element k with id 134 and h-value of 0. k is a pair of facts (10,13)

Action 19 has k as precondition. Unsat was 5 and decremented to 4

--------------------------------
ITERATION 13: Length of C: 8
Popped element k with id 132 and h-value of 0. k is a pair of facts (10,11)

--------------------------------
ITERATION 14: Length of C: 7
Popped element k with id 91 and h-value of 0. k is a pair of facts (5,10)

--------------------------------
ITERATION 15: Length of C: 6
Popped element k with id 10 and h-value of 0. k is a singleton fact.

Action 7 has k as precondition. Unsat was 1 and decremented to 0, so we apply the action

id_q 0 variable is 4 - persistent fact not yet applicable, storing for later
id_q 1 variable is 4 - applying additional context for persistent fact
    added context: (9, 1): val 1, 
id_q 2 variable is 4 - persistent fact not yet applicable, storing for later
id_q 3 variable is 4 - persistent fact not yet applicable, storing for later
id_q 4 variable is 4 - persistent fact not yet applicable, storing for later
id_q 5 variable is 1 - applying additional context for persistent fact
    added context: (9, 5): val 1, 
id_q 6 variable is 1 - applying additional context for persistent fact
    added context: (9, 6): val 1, 
id_q 7 variable is 1 - persistent fact not yet applicable, storing for later
id_q 8 variable is 0 - mutex optimisation triggered
id_q 9 variable is 0 - mutex optimisation triggered
id_q 10 variable is 0 - mutex optimisation triggered
id_q 11 variable is 2 - applying additional context for persistent fact
    added context: (9, 11): val 1, 
id_q 12 variable is 2 - persistent fact not yet applicable, storing for later
id_q 13 variable is 3 - applying additional context for persistent fact
    added context: (9, 13): val 1, 
id_q 14 variable is 3 - persistent fact not yet applicable, storing for later

Applying the action itself: added (9, 9): val 1, 

Action 13 has k as precondition. Unsat was 3 and decremented to 2

Action 19 has k as precondition. Unsat was 4 and decremented to 3

Action 20 has k as precondition. Unsat was 6 and decremented to 5

--------------------------------
ITERATION 16: Length of C: 11
Popped element k with id 9 and h-value of 1. k is a singleton fact.

Action 5 has k as precondition. Unsat was 1 and decremented to 0, so we apply the action

id_q 0 variable is 4 - persistent fact not yet applicable, storing for later
id_q 1 variable is 4 - applying additional context for persistent fact
    added context: (8, 1): val 2, 
id_q 2 variable is 4 - persistent fact not yet applicable, storing for later
id_q 3 variable is 4 - persistent fact not yet applicable, storing for later
id_q 4 variable is 4 - persistent fact not yet applicable, storing for later
id_q 5 variable is 1 - applying additional context for persistent fact
    added context: (8, 5): val 2, 
id_q 6 variable is 1 - applying additional context for persistent fact
    added context: (8, 6): val 2, 
id_q 7 variable is 1 - persistent fact not yet applicable, storing for later
id_q 8 variable is 0 - mutex optimisation triggered
id_q 9 variable is 0 - mutex optimisation triggered
id_q 10 variable is 0 - mutex optimisation triggered
id_q 11 variable is 2 - applying additional context for persistent fact
    added context: (8, 11): val 2, 
id_q 12 variable is 2 - persistent fact not yet applicable, storing for later
id_q 13 variable is 3 - applying additional context for persistent fact
    added context: (8, 13): val 2, 
id_q 14 variable is 3 - persistent fact not yet applicable, storing for later

Applying the action itself: added (8, 8): val 2, 

Action 6 has k as precondition. Unsat was 1 and decremented to 0, so we apply the action

id_q 0 variable is 4 - persistent fact not yet applicable, storing for later
id_q 1 variable is 4 - applying additional context for persistent fact
    added context: 
id_q 2 variable is 4 - persistent fact not yet applicable, storing for later
id_q 3 variable is 4 - persistent fact not yet applicable, storing for later
id_q 4 variable is 4 - persistent fact not yet applicable, storing for later
id_q 5 variable is 1 - applying additional context for persistent fact
    added context: 
id_q 6 variable is 1 - applying additional context for persistent fact
    added context: 
id_q 7 variable is 1 - persistent fact not yet applicable, storing for later
id_q 8 variable is 0 - mutex optimisation triggered
id_q 9 variable is 0 - mutex optimisation triggered
id_q 10 variable is 0 - mutex optimisation triggered
id_q 11 variable is 2 - applying additional context for persistent fact
    added context: 
id_q 12 variable is 2 - persistent fact not yet applicable, storing for later
id_q 13 variable is 3 - applying additional context for persistent fact
    added context: 
id_q 14 variable is 3 - persistent fact not yet applicable, storing for later

Applying the action itself: added 

Action 12 has k as precondition. Unsat was 3 and decremented to 2

Action 18 has k as precondition. Unsat was 3 and decremented to 2

Persistent fact found for k=9! Applying additional context.
    added context: 
--------------------------------
ITERATION 17: Length of C: 16
Popped element k with id 128 and h-value of 1. k is a pair of facts (9,13)

Action 18 has k as precondition. Unsat was 2 and decremented to 1

--------------------------------
ITERATION 18: Length of C: 15
Popped element k with id 126 and h-value of 1. k is a pair of facts (9,11)

--------------------------------
ITERATION 19: Length of C: 14
Popped element k with id 100 and h-value of 1. k is a pair of facts (6,9)

--------------------------------
ITERATION 20: Length of C: 13
Popped element k with id 90 and h-value of 1. k is a pair of facts (5,9)

--------------------------------
ITERATION 21: Length of C: 12
Popped element k with id 40 and h-value of 1. k is a pair of facts (1,9)

Action 18 has k as precondition. Unsat was 1 and decremented to 0, so we apply the action

id_q 0 variable is 4 - mutex optimisation triggered
id_q 1 variable is 4 - mutex optimisation triggered
id_q 2 variable is 4 - mutex optimisation triggered
id_q 3 variable is 4 - mutex optimisation triggered
id_q 4 variable is 4 - mutex optimisation triggered
id_q 5 variable is 1 - applying additional context for persistent fact
    added context: (4, 5): val 2, (14, 5): val 2, 
id_q 6 variable is 1 - applying additional context for persistent fact
    added context: (4, 6): val 2, (14, 6): val 2, 
id_q 7 variable is 1 - persistent fact not yet applicable, storing for later
id_q 8 variable is 0 - mutex with precondition
id_q 9 variable is 0 - applying additional context for prevail fact
    added context: (4, 9): val 2, (14, 9): val 2, 
id_q 10 variable is 0 - mutex with precondition
id_q 11 variable is 2 - applying additional context for persistent fact
    added context: (4, 11): val 2, (14, 11): val 2, 
id_q 12 variable is 2 - persistent fact not yet applicable, storing for later
id_q 13 variable is 3 - mutex optimisation triggered
id_q 14 variable is 3 - mutex optimisation triggered

Applying the action itself: added (4, 4): val 2, (4, 14): val 2, (14, 14): val 2, 

--------------------------------
ITERATION 22: Length of C: 22
Popped element k with id 6 and h-value of 1. k is a singleton fact.

Action 1 has k as precondition. Unsat was 1 and decremented to 0, so we apply the action

id_q 0 variable is 4 - persistent fact not yet applicable, storing for later
id_q 1 variable is 4 - applying additional context for persistent fact
    added context: 
id_q 2 variable is 4 - persistent fact not yet applicable, storing for later
id_q 3 variable is 4 - persistent fact not yet applicable, storing for later
id_q 4 variable is 4 - applying additional context for persistent fact
    added context: 
id_q 5 variable is 1 - mutex optimisation triggered
id_q 6 variable is 1 - mutex optimisation triggered
id_q 7 variable is 1 - mutex optimisation triggered
id_q 8 variable is 0 - applying additional context for persistent fact
    added context: 
id_q 9 variable is 0 - applying additional context for persistent fact
    added context: 
id_q 10 variable is 0 - applying additional context for persistent fact
    added context: 
id_q 11 variable is 2 - applying additional context for persistent fact
    added context: 
id_q 12 variable is 2 - persistent fact not yet applicable, storing for later
id_q 13 variable is 3 - applying additional context for persistent fact
    added context: 
id_q 14 variable is 3 - applying additional context for persistent fact
    added context: 

Applying the action itself: added 

Action 2 has k as precondition. Unsat was 1 and decremented to 0, so we apply the action

id_q 0 variable is 4 - persistent fact not yet applicable, storing for later
id_q 1 variable is 4 - applying additional context for persistent fact
    added context: (7, 1): val 2, 
id_q 2 variable is 4 - persistent fact not yet applicable, storing for later
id_q 3 variable is 4 - persistent fact not yet applicable, storing for later
id_q 4 variable is 4 - applying additional context for persistent fact
    added context: (7, 4): val 2, 
id_q 5 variable is 1 - mutex optimisation triggered
id_q 6 variable is 1 - mutex optimisation triggered
id_q 7 variable is 1 - mutex optimisation triggered
id_q 8 variable is 0 - applying additional context for persistent fact
    added context: (7, 8): val 2, 
id_q 9 variable is 0 - applying additional context for persistent fact
    added context: (7, 9): val 2, 
id_q 10 variable is 0 - applying additional context for persistent fact
    added context: (7, 10): val 2, 
id_q 11 variable is 2 - applying additional context for persistent fact
    added context: (7, 11): val 2, 
id_q 12 variable is 2 - persistent fact not yet applicable, storing for later
id_q 13 variable is 3 - applying additional context for persistent fact
    added context: (7, 13): val 2, 
id_q 14 variable is 3 - applying additional context for persistent fact
    added context: (7, 14): val 2, 

Applying the action itself: added (7, 7): val 2, 

Action 9 has k as precondition. Unsat was 3 and decremented to 2

Action 15 has k as precondition. Unsat was 3 and decremented to 2

Action 20 has k as precondition. Unsat was 5 and decremented to 4

--------------------------------
ITERATION 23: Length of C: 30
Popped element k with id 104 and h-value of 1. k is a pair of facts (6,13)

--------------------------------
ITERATION 24: Length of C: 29
Popped element k with id 102 and h-value of 1. k is a pair of facts (6,11)

Action 15 has k as precondition. Unsat was 2 and decremented to 1

--------------------------------
ITERATION 25: Length of C: 28
Popped element k with id 101 and h-value of 1. k is a pair of facts (6,10)

Action 20 has k as precondition. Unsat was 4 and decremented to 3

--------------------------------
ITERATION 26: Length of C: 27
Popped element k with id 37 and h-value of 1. k is a pair of facts (1,6)

Action 15 has k as precondition. Unsat was 1 and decremented to 0, so we apply the action

id_q 0 variable is 4 - mutex optimisation triggered
id_q 1 variable is 4 - mutex optimisation triggered
id_q 2 variable is 4 - mutex optimisation triggered
id_q 3 variable is 4 - mutex optimisation triggered
id_q 4 variable is 4 - mutex optimisation triggered
id_q 5 variable is 1 - mutex with precondition
id_q 6 variable is 1 - applying additional context for prevail fact
    added context: (3, 6): val 2, (12, 6): val 2, 
id_q 7 variable is 1 - mutex with precondition
id_q 8 variable is 0 - applying additional context for persistent fact
    added context: (3, 8): val 2, (12, 8): val 2, 
id_q 9 variable is 0 - applying additional context for persistent fact
    added context: (3, 9): val 2, (12, 9): val 2, 
id_q 10 variable is 0 - applying additional context for persistent fact
    added context: (3, 10): val 2, (12, 10): val 2, 
id_q 11 variable is 2 - mutex optimisation triggered
id_q 12 variable is 2 - mutex optimisation triggered
id_q 13 variable is 3 - applying additional context for persistent fact
    added context: (3, 13): val 2, (12, 13): val 2, 
id_q 14 variable is 3 - persistent fact not yet applicable, storing for later

Applying the action itself: added (3, 3): val 2, (3, 12): val 2, (12, 12): val 2, 

--------------------------------
ITERATION 27: Length of C: 39
Popped element k with id 12 and h-value of 2. k is a singleton fact.

Persistent fact found for k=12! Applying additional context.
    added context: (5, 12): val 3, 
Persistent fact found for k=12! Applying additional context.
    added context: (7, 12): val 3, 
Persistent fact found for k=12! Applying additional context.
    added context: 
Persistent fact found for k=12! Applying additional context.
    added context: 
Persistent fact found for k=12! Applying additional context.
    added context: 
--------------------------------
ITERATION 28: Length of C: 40
Popped element k with id 70 and h-value of 2. k is a pair of facts (3,12)

Persistent fact found for q=12! Applying additional context.
    added context: 
Persistent fact found for f=3! Applying additional context.
    added context: (5, 3): val 3, 
Persistent fact found for f=3! Applying additional context.
    added context: (7, 3): val 3, 
Persistent fact found for f=3! Applying additional context.
    added context: 
Persistent fact found for f=3! Applying additional context.
    added context: 
Persistent fact found for f=3! Applying additional context.
    added context: 
--------------------------------
ITERATION 29: Length of C: 41
Popped element k with id 3 and h-value of 2. k is a singleton fact.

Action 8 has k as precondition. Unsat was 2 and decremented to 1

Action 9 has k as precondition. Unsat was 2 and decremented to 1

Action 10 has k as precondition. Unsat was 3 and decremented to 2

Persistent fact found for k=3! Applying additional context.
    added context: 
--------------------------------
ITERATION 30: Length of C: 40
Popped element k with id 143 and h-value of 2. k is a pair of facts (12,13)

--------------------------------
ITERATION 31: Length of C: 39
Popped element k with id 71 and h-value of 2. k is a pair of facts (3,13)

--------------------------------
ITERATION 32: Length of C: 38
Popped element k with id 133 and h-value of 2. k is a pair of facts (10,12)

--------------------------------
ITERATION 33: Length of C: 37
Popped element k with id 68 and h-value of 2. k is a pair of facts (3,10)

--------------------------------
ITERATION 34: Length of C: 36
Popped element k with id 127 and h-value of 2. k is a pair of facts (9,12)

--------------------------------
ITERATION 35: Length of C: 35
Popped element k with id 67 and h-value of 2. k is a pair of facts (3,9)

--------------------------------
ITERATION 36: Length of C: 34
Popped element k with id 120 and h-value of 2. k is a pair of facts (8,12)

Persistent fact found for f=8! Applying additional context.
    added context: 
--------------------------------
ITERATION 37: Length of C: 33
Popped element k with id 66 and h-value of 2. k is a pair of facts (3,8)

--------------------------------
ITERATION 38: Length of C: 32
Popped element k with id 103 and h-value of 2. k is a pair of facts (6,12)

--------------------------------
ITERATION 39: Length of C: 31
Popped element k with id 64 and h-value of 2. k is a pair of facts (3,6)

Action 9 has k as precondition. Unsat was 1 and decremented to 0, so we apply the action

id_q 0 variable is 4 - mutex optimisation triggered
id_q 1 variable is 4 - mutex optimisation triggered
id_q 2 variable is 4 - mutex optimisation triggered
id_q 3 variable is 4 - mutex optimisation triggered
id_q 4 variable is 4 - mutex optimisation triggered
id_q 5 variable is 1 - mutex with precondition
id_q 6 variable is 1 - applying additional context for prevail fact
    added context: 
id_q 7 variable is 1 - mutex with precondition
id_q 8 variable is 0 - applying additional context for persistent fact
    added context: 
id_q 9 variable is 0 - applying additional context for persistent fact
    added context: 
id_q 10 variable is 0 - applying additional context for persistent fact
    added context: 
id_q 11 variable is 2 - mutex optimisation triggered
id_q 12 variable is 2 - mutex optimisation triggered
id_q 13 variable is 3 - applying additional context for persistent fact
    added context: 
id_q 14 variable is 3 - persistent fact not yet applicable, storing for later

Applying the action itself: added 

--------------------------------
ITERATION 40: Length of C: 30
Popped element k with id 7 and h-value of 2. k is a singleton fact.

Action 3 has k as precondition. Unsat was 1 and decremented to 0, so we apply the action

id_q 0 variable is 4 - persistent fact not yet applicable, storing for later
id_q 1 variable is 4 - applying additional context for persistent fact
    added context: 
id_q 2 variable is 4 - persistent fact not yet applicable, storing for later
id_q 3 variable is 4 - applying additional context for persistent fact
    added context: 
id_q 4 variable is 4 - applying additional context for persistent fact
    added context: 
id_q 5 variable is 1 - mutex optimisation triggered
id_q 6 variable is 1 - mutex optimisation triggered
id_q 7 variable is 1 - mutex optimisation triggered
id_q 8 variable is 0 - applying additional context for persistent fact
    added context: 
id_q 9 variable is 0 - applying additional context for persistent fact
    added context: 
id_q 10 variable is 0 - applying additional context for persistent fact
    added context: 
id_q 11 variable is 2 - applying additional context for persistent fact
    added context: 
id_q 12 variable is 2 - applying additional context for persistent fact
    added context: 
id_q 13 variable is 3 - applying additional context for persistent fact
    added context: 
id_q 14 variable is 3 - applying additional context for persistent fact
    added context: 

Applying the action itself: added 

Action 10 has k as precondition. Unsat was 2 and decremented to 1

Action 16 has k as precondition. Unsat was 5 and decremented to 4

Persistent fact found for k=7! Applying additional context.
    added context: 
Persistent fact found for k=7! Applying additional context.
    added context: 
Persistent fact found for k=7! Applying additional context.
    added context: 
Persistent fact found for k=7! Applying additional context.
    added context: 
--------------------------------
ITERATION 41: Length of C: 29
Popped element k with id 114 and h-value of 2. k is a pair of facts (7,14)

Persistent fact found for q=14! Applying additional context.
    added context: 
Persistent fact found for q=14! Applying additional context.
    added context: (8, 14): val 3, 
Persistent fact found for q=14! Applying additional context.
    added context: (10, 14): val 3, 
Persistent fact found for q=14! Applying additional context.
    added context: 
--------------------------------
ITERATION 42: Length of C: 30
Popped element k with id 113 and h-value of 2. k is a pair of facts (7,13)

--------------------------------
ITERATION 43: Length of C: 29
Popped element k with id 111 and h-value of 2. k is a pair of facts (7,11)

Action 16 has k as precondition. Unsat was 4 and decremented to 3

--------------------------------
ITERATION 44: Length of C: 28
Popped element k with id 110 and h-value of 2. k is a pair of facts (7,10)

--------------------------------
ITERATION 45: Length of C: 27
Popped element k with id 109 and h-value of 2. k is a pair of facts (7,9)

--------------------------------
ITERATION 46: Length of C: 26
Popped element k with id 108 and h-value of 2. k is a pair of facts (7,8)

--------------------------------
ITERATION 47: Length of C: 25
Popped element k with id 77 and h-value of 2. k is a pair of facts (4,7)

Persistent fact found for f=4! Applying additional context.
    added context: 
Persistent fact found for f=4! Applying additional context.
    added context: (8, 4): val 3, 
Persistent fact found for f=4! Applying additional context.
    added context: (10, 4): val 3, 
Persistent fact found for f=4! Applying additional context.
    added context: 
--------------------------------
ITERATION 48: Length of C: 26
Popped element k with id 38 and h-value of 2. k is a pair of facts (1,7)

--------------------------------
ITERATION 49: Length of C: 25
Popped element k with id 14 and h-value of 2. k is a singleton fact.

--------------------------------
ITERATION 50: Length of C: 24
Popped element k with id 84 and h-value of 2. k is a pair of facts (4,14)

--------------------------------
ITERATION 51: Length of C: 23
Popped element k with id 4 and h-value of 2. k is a singleton fact.

Action 11 has k as precondition. Unsat was 3 and decremented to 2

Action 12 has k as precondition. Unsat was 2 and decremented to 1

Action 13 has k as precondition. Unsat was 2 and decremented to 1

--------------------------------
ITERATION 52: Length of C: 22
Popped element k with id 140 and h-value of 2. k is a pair of facts (11,14)

--------------------------------
ITERATION 53: Length of C: 21
Popped element k with id 81 and h-value of 2. k is a pair of facts (4,11)

--------------------------------
ITERATION 54: Length of C: 20
Popped element k with id 129 and h-value of 2. k is a pair of facts (9,14)

--------------------------------
ITERATION 55: Length of C: 19
Popped element k with id 79 and h-value of 2. k is a pair of facts (4,9)

Action 12 has k as precondition. Unsat was 1 and decremented to 0, so we apply the action

id_q 0 variable is 4 - mutex optimisation triggered
id_q 1 variable is 4 - mutex optimisation triggered
id_q 2 variable is 4 - mutex optimisation triggered
id_q 3 variable is 4 - mutex optimisation triggered
id_q 4 variable is 4 - mutex optimisation triggered
id_q 5 variable is 1 - applying additional context for persistent fact
    added context: 
id_q 6 variable is 1 - applying additional context for persistent fact
    added context: 
id_q 7 variable is 1 - applying additional context for persistent fact
    added context: 
id_q 8 variable is 0 - mutex with precondition
id_q 9 variable is 0 - applying additional context for prevail fact
    added context: 
id_q 10 variable is 0 - mutex with precondition
id_q 11 variable is 2 - applying additional context for persistent fact
    added context: 
id_q 12 variable is 2 - persistent fact not yet applicable, storing for later
id_q 13 variable is 3 - mutex optimisation triggered
id_q 14 variable is 3 - mutex optimisation triggered

Applying the action itself: added 

--------------------------------
ITERATION 56: Length of C: 18
Popped element k with id 105 and h-value of 2. k is a pair of facts (6,14)

--------------------------------
ITERATION 57: Length of C: 17
Popped element k with id 76 and h-value of 2. k is a pair of facts (4,6)

--------------------------------
ITERATION 58: Length of C: 16
Popped element k with id 95 and h-value of 2. k is a pair of facts (5,14)

--------------------------------
ITERATION 59: Length of C: 15
Popped element k with id 75 and h-value of 2. k is a pair of facts (4,5)

--------------------------------
ITERATION 60: Length of C: 14
Popped element k with id 8 and h-value of 2. k is a singleton fact.

Action 4 has k as precondition. Unsat was 1 and decremented to 0, so we apply the action

id_q 0 variable is 4 - persistent fact not yet applicable, storing for later
id_q 1 variable is 4 - applying additional context for persistent fact
    added context: 
id_q 2 variable is 4 - persistent fact not yet applicable, storing for later
id_q 3 variable is 4 - applying additional context for persistent fact
    added context: 
id_q 4 variable is 4 - applying additional context for persistent fact
    added context: 
id_q 5 variable is 1 - applying additional context for persistent fact
    added context: 
id_q 6 variable is 1 - applying additional context for persistent fact
    added context: 
id_q 7 variable is 1 - applying additional context for persistent fact
    added context: 
id_q 8 variable is 0 - mutex optimisation triggered
id_q 9 variable is 0 - mutex optimisation triggered
id_q 10 variable is 0 - mutex optimisation triggered
id_q 11 variable is 2 - applying additional context for persistent fact
    added context: 
id_q 12 variable is 2 - applying additional context for persistent fact
    added context: 
id_q 13 variable is 3 - applying additional context for persistent fact
    added context: 
id_q 14 variable is 3 - applying additional context for persistent fact
    added context: 

Applying the action itself: added 

Action 11 has k as precondition. Unsat was 2 and decremented to 1

Action 17 has k as precondition. Unsat was 5 and decremented to 4

--------------------------------
ITERATION 61: Length of C: 13
Popped element k with id 121 and h-value of 2. k is a pair of facts (8,13)

Action 17 has k as precondition. Unsat was 4 and decremented to 3

--------------------------------
ITERATION 62: Length of C: 12
Popped element k with id 119 and h-value of 2. k is a pair of facts (8,11)

--------------------------------
ITERATION 63: Length of C: 11
Popped element k with id 99 and h-value of 2. k is a pair of facts (6,8)

--------------------------------
ITERATION 64: Length of C: 10
Popped element k with id 89 and h-value of 2. k is a pair of facts (5,8)

--------------------------------
ITERATION 65: Length of C: 9
Popped element k with id 39 and h-value of 2. k is a pair of facts (1,8)

--------------------------------
ITERATION 66: Length of C: 8
Popped element k with id 80 and h-value of 3. k is a pair of facts (4,10)

Action 13 has k as precondition. Unsat was 1 and decremented to 0, so we apply the action

id_q 0 variable is 4 - mutex optimisation triggered
id_q 1 variable is 4 - mutex optimisation triggered
id_q 2 variable is 4 - mutex optimisation triggered
id_q 3 variable is 4 - mutex optimisation triggered
id_q 4 variable is 4 - mutex optimisation triggered
id_q 5 variable is 1 - applying additional context for persistent fact
    added context: (2, 5): val 4, 
id_q 6 variable is 1 - applying additional context for persistent fact
    added context: (2, 6): val 4, 
id_q 7 variable is 1 - applying additional context for persistent fact
    added context: (2, 7): val 4, 
id_q 8 variable is 0 - mutex with precondition
id_q 9 variable is 0 - mutex with precondition
id_q 10 variable is 0 - applying additional context for prevail fact
    added context: (2, 10): val 4, 
id_q 11 variable is 2 - applying additional context for persistent fact
    added context: (2, 11): val 4, 
id_q 12 variable is 2 - persistent fact not yet applicable, storing for later
id_q 13 variable is 3 - mutex optimisation triggered
id_q 14 variable is 3 - mutex optimisation triggered

Applying the action itself: added (2, 2): val 4, (2, 13): val 4, 

--------------------------------
ITERATION 67: Length of C: 14
Popped element k with id 78 and h-value of 3. k is a pair of facts (4,8)

Action 11 has k as precondition. Unsat was 1 and decremented to 0, so we apply the action

id_q 0 variable is 4 - mutex optimisation triggered
id_q 1 variable is 4 - mutex optimisation triggered
id_q 2 variable is 4 - mutex optimisation triggered
id_q 3 variable is 4 - mutex optimisation triggered
id_q 4 variable is 4 - mutex optimisation triggered
id_q 5 variable is 1 - applying additional context for persistent fact
    added context: (0, 5): val 4, 
id_q 6 variable is 1 - applying additional context for persistent fact
    added context: (0, 6): val 4, 
id_q 7 variable is 1 - applying additional context for persistent fact
    added context: (0, 7): val 4, 
id_q 8 variable is 0 - applying additional context for prevail fact
    added context: (0, 8): val 4, 
id_q 9 variable is 0 - mutex with precondition
id_q 10 variable is 0 - mutex with precondition
id_q 11 variable is 2 - applying additional context for persistent fact
    added context: (0, 11): val 4, 
id_q 12 variable is 2 - persistent fact not yet applicable, storing for later
id_q 13 variable is 3 - mutex optimisation triggered
id_q 14 variable is 3 - mutex optimisation triggered

Applying the action itself: added (0, 0): val 4, (0, 13): val 4, 

--------------------------------
ITERATION 68: Length of C: 20
Popped element k with id 135 and h-value of 3. k is a pair of facts (10,14)

--------------------------------
ITERATION 69: Length of C: 19
Popped element k with id 122 and h-value of 3. k is a pair of facts (8,14)

--------------------------------
ITERATION 70: Length of C: 18
Popped element k with id 65 and h-value of 3. k is a pair of facts (3,7)

Action 10 has k as precondition. Unsat was 1 and decremented to 0, so we apply the action

id_q 0 variable is 4 - mutex optimisation triggered
id_q 1 variable is 4 - mutex optimisation triggered
id_q 2 variable is 4 - mutex optimisation triggered
id_q 3 variable is 4 - mutex optimisation triggered
id_q 4 variable is 4 - mutex optimisation triggered
id_q 5 variable is 1 - mutex with precondition
id_q 6 variable is 1 - mutex with precondition
id_q 7 variable is 1 - applying additional context for prevail fact
    added context: 
id_q 8 variable is 0 - applying additional context for persistent fact
    added context: (2, 8): val 4, 
id_q 9 variable is 0 - applying additional context for persistent fact
    added context: (2, 9): val 4, 
id_q 10 variable is 0 - applying additional context for persistent fact
    added context: 
id_q 11 variable is 2 - mutex optimisation triggered
id_q 12 variable is 2 - mutex optimisation triggered
id_q 13 variable is 3 - applying additional context for persistent fact
    added context: 
id_q 14 variable is 3 - persistent fact not yet applicable, storing for later

Applying the action itself: added 

--------------------------------
ITERATION 71: Length of C: 19
Popped element k with id 63 and h-value of 3. k is a pair of facts (3,5)

Action 8 has k as precondition. Unsat was 1 and decremented to 0, so we apply the action

id_q 0 variable is 4 - mutex optimisation triggered
id_q 1 variable is 4 - mutex optimisation triggered
id_q 2 variable is 4 - mutex optimisation triggered
id_q 3 variable is 4 - mutex optimisation triggered
id_q 4 variable is 4 - mutex optimisation triggered
id_q 5 variable is 1 - applying additional context for prevail fact
    added context: 
id_q 6 variable is 1 - mutex with precondition
id_q 7 variable is 1 - mutex with precondition
id_q 8 variable is 0 - applying additional context for persistent fact
    added context: 
id_q 9 variable is 0 - applying additional context for persistent fact
    added context: (0, 9): val 4, 
id_q 10 variable is 0 - applying additional context for persistent fact
    added context: (0, 10): val 4, 
id_q 11 variable is 2 - mutex optimisation triggered
id_q 12 variable is 2 - mutex optimisation triggered
id_q 13 variable is 3 - applying additional context for persistent fact
    added context: 
id_q 14 variable is 3 - persistent fact not yet applicable, storing for later

Applying the action itself: added 

--------------------------------
ITERATION 72: Length of C: 20
Popped element k with id 112 and h-value of 3. k is a pair of facts (7,12)

--------------------------------
ITERATION 73: Length of C: 19
Popped element k with id 93 and h-value of 3. k is a pair of facts (5,12)

--------------------------------
ITERATION 74: Length of C: 18
Popped element k with id 26 and h-value of 4. k is a pair of facts (0,10)

Persistent fact found for f=0! Applying additional context.
    added context: 
Persistent fact found for f=0! Applying additional context.
    added context: 
Persistent fact found for f=0! Applying additional context.
    added context: 
Persistent fact found for f=0! Applying additional context.
    added context: 
Persistent fact found for f=0! Applying additional context.
    added context: 
Persistent fact found for f=0! Applying additional context.
    added context: 
Persistent fact found for f=0! Applying additional context.
    added context: 
Persistent fact found for f=0! Applying additional context.
    added context: 
--------------------------------
ITERATION 75: Length of C: 17
Popped element k with id 25 and h-value of 4. k is a pair of facts (0,9)

--------------------------------
ITERATION 76: Length of C: 16
Popped element k with id 54 and h-value of 4. k is a pair of facts (2,9)

Persistent fact found for f=2! Applying additional context.
    added context: 
Persistent fact found for f=2! Applying additional context.
    added context: 
Persistent fact found for f=2! Applying additional context.
    added context: 
Persistent fact found for f=2! Applying additional context.
    added context: 
Persistent fact found for f=2! Applying additional context.
    added context: 
Persistent fact found for f=2! Applying additional context.
    added context: 
Persistent fact found for f=2! Applying additional context.
    added context: 
Persistent fact found for f=2! Applying additional context.
    added context: 
--------------------------------
ITERATION 77: Length of C: 15
Popped element k with id 53 and h-value of 4. k is a pair of facts (2,8)

--------------------------------
ITERATION 78: Length of C: 14
Popped element k with id 29 and h-value of 4. k is a pair of facts (0,13)

Action 17 has k as precondition. Unsat was 3 and decremented to 2

--------------------------------
ITERATION 79: Length of C: 13
Popped element k with id 0 and h-value of 4. k is a singleton fact.

Action 14 has k as precondition. Unsat was 3 and decremented to 2

Action 17 has k as precondition. Unsat was 2 and decremented to 1

--------------------------------
ITERATION 80: Length of C: 12
Popped element k with id 27 and h-value of 4. k is a pair of facts (0,11)

Action 14 has k as precondition. Unsat was 2 and decremented to 1

--------------------------------
ITERATION 81: Length of C: 11
Popped element k with id 24 and h-value of 4. k is a pair of facts (0,8)

Action 17 has k as precondition. Unsat was 1 and decremented to 0, so we apply the action

id_q 0 variable is 4 - mutex optimisation triggered
id_q 1 variable is 4 - mutex optimisation triggered
id_q 2 variable is 4 - mutex optimisation triggered
id_q 3 variable is 4 - mutex optimisation triggered
id_q 4 variable is 4 - mutex optimisation triggered
id_q 5 variable is 1 - applying additional context for persistent fact
    added context: 
id_q 6 variable is 1 - applying additional context for persistent fact
    added context: 
id_q 7 variable is 1 - applying additional context for persistent fact
    added context: 
id_q 8 variable is 0 - applying additional context for prevail fact
    added context: 
id_q 9 variable is 0 - mutex with precondition
id_q 10 variable is 0 - mutex with precondition
id_q 11 variable is 2 - applying additional context for persistent fact
    added context: 
id_q 12 variable is 2 - persistent fact not yet applicable, storing for later
id_q 13 variable is 3 - mutex optimisation triggered
id_q 14 variable is 3 - mutex optimisation triggered

Applying the action itself: added 

--------------------------------
ITERATION 82: Length of C: 10
Popped element k with id 23 and h-value of 4. k is a pair of facts (0,7)

--------------------------------
ITERATION 83: Length of C: 9
Popped element k with id 22 and h-value of 4. k is a pair of facts (0,6)

--------------------------------
ITERATION 84: Length of C: 8
Popped element k with id 21 and h-value of 4. k is a pair of facts (0,5)

Action 14 has k as precondition. Unsat was 1 and decremented to 0, so we apply the action

id_q 0 variable is 4 - mutex optimisation triggered
id_q 1 variable is 4 - mutex optimisation triggered
id_q 2 variable is 4 - mutex optimisation triggered
id_q 3 variable is 4 - mutex optimisation triggered
id_q 4 variable is 4 - mutex optimisation triggered
id_q 5 variable is 1 - applying additional context for prevail fact
    added context: 
id_q 6 variable is 1 - mutex with precondition
id_q 7 variable is 1 - mutex with precondition
id_q 8 variable is 0 - applying additional context for persistent fact
    added context: 
id_q 9 variable is 0 - applying additional context for persistent fact
    added context: 
id_q 10 variable is 0 - applying additional context for persistent fact
    added context: 
id_q 11 variable is 2 - mutex optimisation triggered
id_q 12 variable is 2 - mutex optimisation triggered
id_q 13 variable is 3 - applying additional context for persistent fact
    added context: 
id_q 14 variable is 3 - persistent fact not yet applicable, storing for later

Applying the action itself: added 

--------------------------------
ITERATION 85: Length of C: 7
Popped element k with id 58 and h-value of 4. k is a pair of facts (2,13)

Action 19 has k as precondition. Unsat was 3 and decremented to 2

--------------------------------
ITERATION 86: Length of C: 6
Popped element k with id 2 and h-value of 4. k is a singleton fact.

Action 16 has k as precondition. Unsat was 3 and decremented to 2

Action 19 has k as precondition. Unsat was 2 and decremented to 1

Action 20 has k as precondition. Unsat was 3 and decremented to 2

--------------------------------
ITERATION 87: Length of C: 5
Popped element k with id 56 and h-value of 4. k is a pair of facts (2,11)

Action 16 has k as precondition. Unsat was 2 and decremented to 1

--------------------------------
ITERATION 88: Length of C: 4
Popped element k with id 55 and h-value of 4. k is a pair of facts (2,10)

Action 19 has k as precondition. Unsat was 1 and decremented to 0, so we apply the action

id_q 0 variable is 4 - mutex optimisation triggered
id_q 1 variable is 4 - mutex optimisation triggered
id_q 2 variable is 4 - mutex optimisation triggered
id_q 3 variable is 4 - mutex optimisation triggered
id_q 4 variable is 4 - mutex optimisation triggered
id_q 5 variable is 1 - applying additional context for persistent fact
    added context: 
id_q 6 variable is 1 - applying additional context for persistent fact
    added context: 
id_q 7 variable is 1 - applying additional context for persistent fact
    added context: 
id_q 8 variable is 0 - mutex with precondition
id_q 9 variable is 0 - mutex with precondition
id_q 10 variable is 0 - applying additional context for prevail fact
    added context: 
id_q 11 variable is 2 - applying additional context for persistent fact
    added context: 
id_q 12 variable is 2 - persistent fact not yet applicable, storing for later
id_q 13 variable is 3 - mutex optimisation triggered
id_q 14 variable is 3 - mutex optimisation triggered

Applying the action itself: added 

Action 20 has k as precondition. Unsat was 2 and decremented to 1

--------------------------------
ITERATION 89: Length of C: 3
Popped element k with id 52 and h-value of 4. k is a pair of facts (2,7)

Action 16 has k as precondition. Unsat was 1 and decremented to 0, so we apply the action

id_q 0 variable is 4 - mutex optimisation triggered
id_q 1 variable is 4 - mutex optimisation triggered
id_q 2 variable is 4 - mutex optimisation triggered
id_q 3 variable is 4 - mutex optimisation triggered
id_q 4 variable is 4 - mutex optimisation triggered
id_q 5 variable is 1 - mutex with precondition
id_q 6 variable is 1 - mutex with precondition
id_q 7 variable is 1 - applying additional context for prevail fact
    added context: 
id_q 8 variable is 0 - applying additional context for persistent fact
    added context: 
id_q 9 variable is 0 - applying additional context for persistent fact
    added context: 
id_q 10 variable is 0 - applying additional context for persistent fact
    added context: 
id_q 11 variable is 2 - mutex optimisation triggered
id_q 12 variable is 2 - mutex optimisation triggered
id_q 13 variable is 3 - applying additional context for persistent fact
    added context: 
id_q 14 variable is 3 - persistent fact not yet applicable, storing for later

Applying the action itself: added 

--------------------------------
ITERATION 90: Length of C: 2
Popped element k with id 51 and h-value of 4. k is a pair of facts (2,6)

Action 20 has k as precondition. Unsat was 1 and decremented to 0, so we apply the action

op_goal, so we add fact_goal to the queue

--------------------------------
ITERATION 91: Length of C: 2
Popped element k with id 15 and h-value of 4.

Found goal! k = 15
Returning heuristic value: 4

[0.005s 4MB] GPLAN: A*: Heuristic value for the initial state: 4


STARTING HEURISTIC COMPUTATION:

--------------------------------
ITERATION 0: Length of C: 16
Popped element k with id 16 and h-value of 0. k is a singleton fact.

--------------------------------
ITERATION 1: Length of C: 15
Popped element k with id 1 and h-value of 0. k is a singleton fact.

Action 15 has k as precondition. Unsat was 6 and decremented to 5

Action 18 has k as precondition. Unsat was 6 and decremented to 5

--------------------------------
ITERATION 2: Length of C: 14
Popped element k with id 44 and h-value of 0. k is a pair of facts (1,13)

Action 18 has k as precondition. Unsat was 5 and decremented to 4

--------------------------------
ITERATION 3: Length of C: 13
Popped element k with id 13 and h-value of 0. k is a singleton fact.

Action 17 has k as precondition. Unsat was 6 and decremented to 5

Action 18 has k as precondition. Unsat was 4 and decremented to 3

Action 19 has k as precondition. Unsat was 6 and decremented to 5

--------------------------------
ITERATION 4: Length of C: 12
Popped element k with id 42 and h-value of 0. k is a pair of facts (1,11)

Action 15 has k as precondition. Unsat was 5 and decremented to 4

--------------------------------
ITERATION 5: Length of C: 11
Popped element k with id 139 and h-value of 0. k is a pair of facts (11,13)

--------------------------------
ITERATION 6: Length of C: 10
Popped element k with id 11 and h-value of 0. k is a singleton fact.

Action 14 has k as precondition. Unsat was 6 and decremented to 5

Action 15 has k as precondition. Unsat was 4 and decremented to 3

Action 16 has k as precondition. Unsat was 6 and decremented to 5

--------------------------------
ITERATION 7: Length of C: 9
Popped element k with id 37 and h-value of 0. k is a pair of facts (1,6)

Action 15 has k as precondition. Unsat was 3 and decremented to 2

--------------------------------
ITERATION 8: Length of C: 8
Popped element k with id 104 and h-value of 0. k is a pair of facts (6,13)

--------------------------------
ITERATION 9: Length of C: 7
Popped element k with id 102 and h-value of 0. k is a pair of facts (6,11)

Action 15 has k as precondition. Unsat was 2 and decremented to 1

--------------------------------
ITERATION 10: Length of C: 6
Popped element k with id 6 and h-value of 0. k is a singleton fact.

Action 1 has k as precondition. Unsat was 1 and decremented to 0, so we apply the action

id_q 0 variable is 4 - persistent fact not yet applicable, storing for later
id_q 1 variable is 4 - applying additional context for persistent fact
    added context: (5, 1): val 1, 
id_q 2 variable is 4 - persistent fact not yet applicable, storing for later
id_q 3 variable is 4 - persistent fact not yet applicable, storing for later
id_q 4 variable is 4 - persistent fact not yet applicable, storing for later
id_q 5 variable is 1 - mutex optimisation triggered
id_q 6 variable is 1 - mutex optimisation triggered
id_q 7 variable is 1 - mutex optimisation triggered
id_q 8 variable is 0 - persistent fact not yet applicable, storing for later
id_q 9 variable is 0 - persistent fact not yet applicable, storing for later
id_q 10 variable is 0 - applying additional context for persistent fact
    added context: (5, 10): val 1, 
id_q 11 variable is 2 - applying additional context for persistent fact
    added context: (5, 11): val 1, 
id_q 12 variable is 2 - persistent fact not yet applicable, storing for later
id_q 13 variable is 3 - applying additional context for persistent fact
    added context: (5, 13): val 1, 
id_q 14 variable is 3 - persistent fact not yet applicable, storing for later

Applying the action itself: added (5, 5): val 1, 

Action 2 has k as precondition. Unsat was 1 and decremented to 0, so we apply the action

id_q 0 variable is 4 - persistent fact not yet applicable, storing for later
id_q 1 variable is 4 - applying additional context for persistent fact
    added context: (7, 1): val 1, 
id_q 2 variable is 4 - persistent fact not yet applicable, storing for later
id_q 3 variable is 4 - persistent fact not yet applicable, storing for later
id_q 4 variable is 4 - persistent fact not yet applicable, storing for later
id_q 5 variable is 1 - mutex optimisation triggered
id_q 6 variable is 1 - mutex optimisation triggered
id_q 7 variable is 1 - mutex optimisation triggered
id_q 8 variable is 0 - persistent fact not yet applicable, storing for later
id_q 9 variable is 0 - persistent fact not yet applicable, storing for later
id_q 10 variable is 0 - applying additional context for persistent fact
    added context: (7, 10): val 1, 
id_q 11 variable is 2 - applying additional context for persistent fact
    added context: (7, 11): val 1, 
id_q 12 variable is 2 - persistent fact not yet applicable, storing for later
id_q 13 variable is 3 - applying additional context for persistent fact
    added context: (7, 13): val 1, 
id_q 14 variable is 3 - persistent fact not yet applicable, storing for later

Applying the action itself: added (7, 7): val 1, 

Action 9 has k as precondition. Unsat was 3 and decremented to 2

Action 15 has k as precondition. Unsat was 1 and decremented to 0, so we apply the action

id_q 0 variable is 4 - mutex optimisation triggered
id_q 1 variable is 4 - mutex optimisation triggered
id_q 2 variable is 4 - mutex optimisation triggered
id_q 3 variable is 4 - mutex optimisation triggered
id_q 4 variable is 4 - mutex optimisation triggered
id_q 5 variable is 1 - mutex with precondition
id_q 6 variable is 1 - applying additional context for prevail fact
    added context: (3, 6): val 1, (12, 6): val 1, 
id_q 7 variable is 1 - mutex with precondition
id_q 8 variable is 0 - persistent fact not yet applicable, storing for later
id_q 9 variable is 0 - persistent fact not yet applicable, storing for later
id_q 10 variable is 0 - applying additional context for persistent fact
    added context: (3, 10): val 1, (12, 10): val 1, 
id_q 11 variable is 2 - mutex optimisation triggered
id_q 12 variable is 2 - mutex optimisation triggered
id_q 13 variable is 3 - applying additional context for persistent fact
    added context: (3, 13): val 1, (12, 13): val 1, 
id_q 14 variable is 3 - persistent fact not yet applicable, storing for later

Applying the action itself: added (3, 3): val 1, (3, 12): val 1, (12, 12): val 1, 

Action 20 has k as precondition. Unsat was 6 and decremented to 5

--------------------------------
ITERATION 11: Length of C: 24
Popped element k with id 41 and h-value of 0. k is a pair of facts (1,10)

--------------------------------
ITERATION 12: Length of C: 23
Popped element k with id 134 and h-value of 0. k is a pair of facts (10,13)

Action 19 has k as precondition. Unsat was 5 and decremented to 4

--------------------------------
ITERATION 13: Length of C: 22
Popped element k with id 132 and h-value of 0. k is a pair of facts (10,11)

--------------------------------
ITERATION 14: Length of C: 21
Popped element k with id 101 and h-value of 0. k is a pair of facts (6,10)

Action 20 has k as precondition. Unsat was 5 and decremented to 4

--------------------------------
ITERATION 15: Length of C: 20
Popped element k with id 10 and h-value of 0. k is a singleton fact.

Action 7 has k as precondition. Unsat was 1 and decremented to 0, so we apply the action

id_q 0 variable is 4 - persistent fact not yet applicable, storing for later
id_q 1 variable is 4 - applying additional context for persistent fact
    added context: (9, 1): val 1, 
id_q 2 variable is 4 - persistent fact not yet applicable, storing for later
id_q 3 variable is 4 - applying additional context for persistent fact
    added context: (9, 3): val 1, 
id_q 4 variable is 4 - persistent fact not yet applicable, storing for later
id_q 5 variable is 1 - applying additional context for persistent fact
    added context: (9, 5): val 1, 
id_q 6 variable is 1 - applying additional context for persistent fact
    added context: (9, 6): val 1, 
id_q 7 variable is 1 - applying additional context for persistent fact
    added context: (9, 7): val 1, 
id_q 8 variable is 0 - mutex optimisation triggered
id_q 9 variable is 0 - mutex optimisation triggered
id_q 10 variable is 0 - mutex optimisation triggered
id_q 11 variable is 2 - applying additional context for persistent fact
    added context: (9, 11): val 1, 
id_q 12 variable is 2 - applying additional context for persistent fact
    added context: (9, 12): val 1, 
id_q 13 variable is 3 - applying additional context for persistent fact
    added context: (9, 13): val 1, 
id_q 14 variable is 3 - persistent fact not yet applicable, storing for later

Applying the action itself: added (9, 9): val 1, 

Action 13 has k as precondition. Unsat was 3 and decremented to 2

Action 19 has k as precondition. Unsat was 4 and decremented to 3

Action 20 has k as precondition. Unsat was 4 and decremented to 3

--------------------------------
ITERATION 16: Length of C: 28
Popped element k with id 9 and h-value of 1. k is a singleton fact.

Action 5 has k as precondition. Unsat was 1 and decremented to 0, so we apply the action

id_q 0 variable is 4 - persistent fact not yet applicable, storing for later
id_q 1 variable is 4 - applying additional context for persistent fact
    added context: (8, 1): val 2, 
id_q 2 variable is 4 - persistent fact not yet applicable, storing for later
id_q 3 variable is 4 - applying additional context for persistent fact
    added context: (8, 3): val 2, 
id_q 4 variable is 4 - persistent fact not yet applicable, storing for later
id_q 5 variable is 1 - applying additional context for persistent fact
    added context: (8, 5): val 2, 
id_q 6 variable is 1 - applying additional context for persistent fact
    added context: (8, 6): val 2, 
id_q 7 variable is 1 - applying additional context for persistent fact
    added context: (8, 7): val 2, 
id_q 8 variable is 0 - mutex optimisation triggered
id_q 9 variable is 0 - mutex optimisation triggered
id_q 10 variable is 0 - mutex optimisation triggered
id_q 11 variable is 2 - applying additional context for persistent fact
    added context: (8, 11): val 2, 
id_q 12 variable is 2 - applying additional context for persistent fact
    added context: (8, 12): val 2, 
id_q 13 variable is 3 - applying additional context for persistent fact
    added context: (8, 13): val 2, 
id_q 14 variable is 3 - persistent fact not yet applicable, storing for later

Applying the action itself: added (8, 8): val 2, 

Action 6 has k as precondition. Unsat was 1 and decremented to 0, so we apply the action

id_q 0 variable is 4 - persistent fact not yet applicable, storing for later
id_q 1 variable is 4 - applying additional context for persistent fact
    added context: 
id_q 2 variable is 4 - persistent fact not yet applicable, storing for later
id_q 3 variable is 4 - applying additional context for persistent fact
    added context: 
id_q 4 variable is 4 - persistent fact not yet applicable, storing for later
id_q 5 variable is 1 - applying additional context for persistent fact
    added context: 
id_q 6 variable is 1 - applying additional context for persistent fact
    added context: 
id_q 7 variable is 1 - applying additional context for persistent fact
    added context: 
id_q 8 variable is 0 - mutex optimisation triggered
id_q 9 variable is 0 - mutex optimisation triggered
id_q 10 variable is 0 - mutex optimisation triggered
id_q 11 variable is 2 - applying additional context for persistent fact
    added context: 
id_q 12 variable is 2 - applying additional context for persistent fact
    added context: 
id_q 13 variable is 3 - applying additional context for persistent fact
    added context: 
id_q 14 variable is 3 - persistent fact not yet applicable, storing for later

Applying the action itself: added 

Action 12 has k as precondition. Unsat was 3 and decremented to 2

Action 18 has k as precondition. Unsat was 3 and decremented to 2

Persistent fact found for k=9! Applying additional context.
    added context: 
Persistent fact found for k=9! Applying additional context.
    added context: 
Persistent fact found for k=9! Applying additional context.
    added context: 
--------------------------------
ITERATION 17: Length of C: 36
Popped element k with id 128 and h-value of 1. k is a pair of facts (9,13)

Action 18 has k as precondition. Unsat was 2 and decremented to 1

--------------------------------
ITERATION 18: Length of C: 35
Popped element k with id 127 and h-value of 1. k is a pair of facts (9,12)

Persistent fact found for q=12! Applying additional context.
    added context: (5, 12): val 2, 
Persistent fact found for q=12! Applying additional context.
    added context: (7, 12): val 2, 
--------------------------------
ITERATION 19: Length of C: 36
Popped element k with id 126 and h-value of 1. k is a pair of facts (9,11)

--------------------------------
ITERATION 20: Length of C: 35
Popped element k with id 109 and h-value of 1. k is a pair of facts (7,9)

--------------------------------
ITERATION 21: Length of C: 34
Popped element k with id 100 and h-value of 1. k is a pair of facts (6,9)

--------------------------------
ITERATION 22: Length of C: 33
Popped element k with id 90 and h-value of 1. k is a pair of facts (5,9)

--------------------------------
ITERATION 23: Length of C: 32
Popped element k with id 67 and h-value of 1. k is a pair of facts (3,9)

Persistent fact found for f=3! Applying additional context.
    added context: (5, 3): val 2, 
Persistent fact found for f=3! Applying additional context.
    added context: (7, 3): val 2, 
--------------------------------
ITERATION 24: Length of C: 33
Popped element k with id 40 and h-value of 1. k is a pair of facts (1,9)

Action 18 has k as precondition. Unsat was 1 and decremented to 0, so we apply the action

id_q 0 variable is 4 - mutex optimisation triggered
id_q 1 variable is 4 - mutex optimisation triggered
id_q 2 variable is 4 - mutex optimisation triggered
id_q 3 variable is 4 - mutex optimisation triggered
id_q 4 variable is 4 - mutex optimisation triggered
id_q 5 variable is 1 - applying additional context for persistent fact
    added context: (4, 5): val 2, (14, 5): val 2, 
id_q 6 variable is 1 - applying additional context for persistent fact
    added context: (4, 6): val 2, (14, 6): val 2, 
id_q 7 variable is 1 - applying additional context for persistent fact
    added context: (4, 7): val 2, (14, 7): val 2, 
id_q 8 variable is 0 - mutex with precondition
id_q 9 variable is 0 - applying additional context for prevail fact
    added context: (4, 9): val 2, (14, 9): val 2, 
id_q 10 variable is 0 - mutex with precondition
id_q 11 variable is 2 - applying additional context for persistent fact
    added context: (4, 11): val 2, (14, 11): val 2, 
id_q 12 variable is 2 - persistent fact not yet applicable, storing for later
id_q 13 variable is 3 - mutex optimisation triggered
id_q 14 variable is 3 - mutex optimisation triggered

Applying the action itself: added (4, 4): val 2, (4, 14): val 2, (14, 14): val 2, 

--------------------------------
ITERATION 25: Length of C: 45
Popped element k with id 12 and h-value of 1. k is a singleton fact.

--------------------------------
ITERATION 26: Length of C: 44
Popped element k with id 70 and h-value of 1. k is a pair of facts (3,12)

--------------------------------
ITERATION 27: Length of C: 43
Popped element k with id 3 and h-value of 1. k is a singleton fact.

Action 8 has k as precondition. Unsat was 3 and decremented to 2

Action 9 has k as precondition. Unsat was 2 and decremented to 1

Action 10 has k as precondition. Unsat was 3 and decremented to 2

--------------------------------
ITERATION 28: Length of C: 42
Popped element k with id 143 and h-value of 1. k is a pair of facts (12,13)

--------------------------------
ITERATION 29: Length of C: 41
Popped element k with id 71 and h-value of 1. k is a pair of facts (3,13)

--------------------------------
ITERATION 30: Length of C: 40
Popped element k with id 133 and h-value of 1. k is a pair of facts (10,12)

--------------------------------
ITERATION 31: Length of C: 39
Popped element k with id 68 and h-value of 1. k is a pair of facts (3,10)

--------------------------------
ITERATION 32: Length of C: 38
Popped element k with id 103 and h-value of 1. k is a pair of facts (6,12)

--------------------------------
ITERATION 33: Length of C: 37
Popped element k with id 64 and h-value of 1. k is a pair of facts (3,6)

Action 9 has k as precondition. Unsat was 1 and decremented to 0, so we apply the action

id_q 0 variable is 4 - mutex optimisation triggered
id_q 1 variable is 4 - mutex optimisation triggered
id_q 2 variable is 4 - mutex optimisation triggered
id_q 3 variable is 4 - mutex optimisation triggered
id_q 4 variable is 4 - mutex optimisation triggered
id_q 5 variable is 1 - mutex with precondition
id_q 6 variable is 1 - applying additional context for prevail fact
    added context: 
id_q 7 variable is 1 - mutex with precondition
id_q 8 variable is 0 - applying additional context for persistent fact
    added context: 
id_q 9 variable is 0 - applying additional context for persistent fact
    added context: 
id_q 10 variable is 0 - applying additional context for persistent fact
    added context: 
id_q 11 variable is 2 - mutex optimisation triggered
id_q 12 variable is 2 - mutex optimisation triggered
id_q 13 variable is 3 - applying additional context for persistent fact
    added context: 
id_q 14 variable is 3 - persistent fact not yet applicable, storing for later

Applying the action itself: added 

--------------------------------
ITERATION 34: Length of C: 36
Popped element k with id 7 and h-value of 1. k is a singleton fact.

Action 3 has k as precondition. Unsat was 1 and decremented to 0, so we apply the action

id_q 0 variable is 4 - persistent fact not yet applicable, storing for later
id_q 1 variable is 4 - applying additional context for persistent fact
    added context: 
id_q 2 variable is 4 - persistent fact not yet applicable, storing for later
id_q 3 variable is 4 - applying additional context for persistent fact
    added context: 
id_q 4 variable is 4 - applying additional context for persistent fact
    added context: 
id_q 5 variable is 1 - mutex optimisation triggered
id_q 6 variable is 1 - mutex optimisation triggered
id_q 7 variable is 1 - mutex optimisation triggered
id_q 8 variable is 0 - applying additional context for persistent fact
    added context: 
id_q 9 variable is 0 - applying additional context for persistent fact
    added context: 
id_q 10 variable is 0 - applying additional context for persistent fact
    added context: 
id_q 11 variable is 2 - applying additional context for persistent fact
    added context: 
id_q 12 variable is 2 - applying additional context for persistent fact
    added context: 
id_q 13 variable is 3 - applying additional context for persistent fact
    added context: 
id_q 14 variable is 3 - applying additional context for persistent fact
    added context: 

Applying the action itself: added 

Action 10 has k as precondition. Unsat was 2 and decremented to 1

Action 16 has k as precondition. Unsat was 5 and decremented to 4

--------------------------------
ITERATION 35: Length of C: 35
Popped element k with id 113 and h-value of 1. k is a pair of facts (7,13)

--------------------------------
ITERATION 36: Length of C: 34
Popped element k with id 111 and h-value of 1. k is a pair of facts (7,11)

Action 16 has k as precondition. Unsat was 4 and decremented to 3

--------------------------------
ITERATION 37: Length of C: 33
Popped element k with id 110 and h-value of 1. k is a pair of facts (7,10)

--------------------------------
ITERATION 38: Length of C: 32
Popped element k with id 38 and h-value of 1. k is a pair of facts (1,7)

--------------------------------
ITERATION 39: Length of C: 31
Popped element k with id 5 and h-value of 1. k is a singleton fact.

Action 0 has k as precondition. Unsat was 1 and decremented to 0, so we apply the action

id_q 0 variable is 4 - persistent fact not yet applicable, storing for later
id_q 1 variable is 4 - applying additional context for persistent fact
    added context: 
id_q 2 variable is 4 - persistent fact not yet applicable, storing for later
id_q 3 variable is 4 - applying additional context for persistent fact
    added context: 
id_q 4 variable is 4 - applying additional context for persistent fact
    added context: 
id_q 5 variable is 1 - mutex optimisation triggered
id_q 6 variable is 1 - mutex optimisation triggered
id_q 7 variable is 1 - mutex optimisation triggered
id_q 8 variable is 0 - applying additional context for persistent fact
    added context: 
id_q 9 variable is 0 - applying additional context for persistent fact
    added context: 
id_q 10 variable is 0 - applying additional context for persistent fact
    added context: 
id_q 11 variable is 2 - applying additional context for persistent fact
    added context: 
id_q 12 variable is 2 - applying additional context for persistent fact
    added context: 
id_q 13 variable is 3 - applying additional context for persistent fact
    added context: 
id_q 14 variable is 3 - applying additional context for persistent fact
    added context: 

Applying the action itself: added 

Action 8 has k as precondition. Unsat was 2 and decremented to 1

Action 14 has k as precondition. Unsat was 5 and decremented to 4

--------------------------------
ITERATION 40: Length of C: 30
Popped element k with id 94 and h-value of 1. k is a pair of facts (5,13)

--------------------------------
ITERATION 41: Length of C: 29
Popped element k with id 92 and h-value of 1. k is a pair of facts (5,11)

Action 14 has k as precondition. Unsat was 4 and decremented to 3

--------------------------------
ITERATION 42: Length of C: 28
Popped element k with id 91 and h-value of 1. k is a pair of facts (5,10)

--------------------------------
ITERATION 43: Length of C: 27
Popped element k with id 36 and h-value of 1. k is a pair of facts (1,5)

--------------------------------
ITERATION 44: Length of C: 26
Popped element k with id 14 and h-value of 2. k is a singleton fact.

Persistent fact found for k=14! Applying additional context.
    added context: 
Persistent fact found for k=14! Applying additional context.
    added context: 
Persistent fact found for k=14! Applying additional context.
    added context: (8, 14): val 3, 
Persistent fact found for k=14! Applying additional context.
    added context: (10, 14): val 3, 
Persistent fact found for k=14! Applying additional context.
    added context: 
--------------------------------
ITERATION 45: Length of C: 27
Popped element k with id 84 and h-value of 2. k is a pair of facts (4,14)

Persistent fact found for f=4! Applying additional context.
    added context: 
Persistent fact found for f=4! Applying additional context.
    added context: 
Persistent fact found for f=4! Applying additional context.
    added context: (8, 4): val 3, 
Persistent fact found for f=4! Applying additional context.
    added context: (10, 4): val 3, 
Persistent fact found for f=4! Applying additional context.
    added context: 
--------------------------------
ITERATION 46: Length of C: 28
Popped element k with id 4 and h-value of 2. k is a singleton fact.

Action 11 has k as precondition. Unsat was 3 and decremented to 2

Action 12 has k as precondition. Unsat was 2 and decremented to 1

Action 13 has k as precondition. Unsat was 2 and decremented to 1

--------------------------------
ITERATION 47: Length of C: 27
Popped element k with id 140 and h-value of 2. k is a pair of facts (11,14)

--------------------------------
ITERATION 48: Length of C: 26
Popped element k with id 81 and h-value of 2. k is a pair of facts (4,11)

--------------------------------
ITERATION 49: Length of C: 25
Popped element k with id 129 and h-value of 2. k is a pair of facts (9,14)

--------------------------------
ITERATION 50: Length of C: 24
Popped element k with id 79 and h-value of 2. k is a pair of facts (4,9)

Action 12 has k as precondition. Unsat was 1 and decremented to 0, so we apply the action

id_q 0 variable is 4 - mutex optimisation triggered
id_q 1 variable is 4 - mutex optimisation triggered
id_q 2 variable is 4 - mutex optimisation triggered
id_q 3 variable is 4 - mutex optimisation triggered
id_q 4 variable is 4 - mutex optimisation triggered
id_q 5 variable is 1 - applying additional context for persistent fact
    added context: 
id_q 6 variable is 1 - applying additional context for persistent fact
    added context: 
id_q 7 variable is 1 - applying additional context for persistent fact
    added context: 
id_q 8 variable is 0 - mutex with precondition
id_q 9 variable is 0 - applying additional context for prevail fact
    added context: 
id_q 10 variable is 0 - mutex with precondition
id_q 11 variable is 2 - applying additional context for persistent fact
    added context: 
id_q 12 variable is 2 - persistent fact not yet applicable, storing for later
id_q 13 variable is 3 - mutex optimisation triggered
id_q 14 variable is 3 - mutex optimisation triggered

Applying the action itself: added 

--------------------------------
ITERATION 51: Length of C: 23
Popped element k with id 114 and h-value of 2. k is a pair of facts (7,14)

--------------------------------
ITERATION 52: Length of C: 22
Popped element k with id 77 and h-value of 2. k is a pair of facts (4,7)

--------------------------------
ITERATION 53: Length of C: 21
Popped element k with id 105 and h-value of 2. k is a pair of facts (6,14)

--------------------------------
ITERATION 54: Length of C: 20
Popped element k with id 76 and h-value of 2. k is a pair of facts (4,6)

--------------------------------
ITERATION 55: Length of C: 19
Popped element k with id 95 and h-value of 2. k is a pair of facts (5,14)

--------------------------------
ITERATION 56: Length of C: 18
Popped element k with id 75 and h-value of 2. k is a pair of facts (4,5)

--------------------------------
ITERATION 57: Length of C: 17
Popped element k with id 65 and h-value of 2. k is a pair of facts (3,7)

Action 10 has k as precondition. Unsat was 1 and decremented to 0, so we apply the action

id_q 0 variable is 4 - mutex optimisation triggered
id_q 1 variable is 4 - mutex optimisation triggered
id_q 2 variable is 4 - mutex optimisation triggered
id_q 3 variable is 4 - mutex optimisation triggered
id_q 4 variable is 4 - mutex optimisation triggered
id_q 5 variable is 1 - mutex with precondition
id_q 6 variable is 1 - mutex with precondition
id_q 7 variable is 1 - applying additional context for prevail fact
    added context: (2, 7): val 3, 
id_q 8 variable is 0 - applying additional context for persistent fact
    added context: (2, 8): val 3, 
id_q 9 variable is 0 - applying additional context for persistent fact
    added context: (2, 9): val 3, 
id_q 10 variable is 0 - applying additional context for persistent fact
    added context: (2, 10): val 3, 
id_q 11 variable is 2 - mutex optimisation triggered
id_q 12 variable is 2 - mutex optimisation triggered
id_q 13 variable is 3 - applying additional context for persistent fact
    added context: (2, 13): val 3, 
id_q 14 variable is 3 - persistent fact not yet applicable, storing for later

Applying the action itself: added (2, 2): val 3, (2, 11): val 3, 

--------------------------------
ITERATION 58: Length of C: 23
Popped element k with id 63 and h-value of 2. k is a pair of facts (3,5)

Action 8 has k as precondition. Unsat was 1 and decremented to 0, so we apply the action

id_q 0 variable is 4 - mutex optimisation triggered
id_q 1 variable is 4 - mutex optimisation triggered
id_q 2 variable is 4 - mutex optimisation triggered
id_q 3 variable is 4 - mutex optimisation triggered
id_q 4 variable is 4 - mutex optimisation triggered
id_q 5 variable is 1 - applying additional context for prevail fact
    added context: (0, 5): val 3, 
id_q 6 variable is 1 - mutex with precondition
id_q 7 variable is 1 - mutex with precondition
id_q 8 variable is 0 - applying additional context for persistent fact
    added context: (0, 8): val 3, 
id_q 9 variable is 0 - applying additional context for persistent fact
    added context: (0, 9): val 3, 
id_q 10 variable is 0 - applying additional context for persistent fact
    added context: (0, 10): val 3, 
id_q 11 variable is 2 - mutex optimisation triggered
id_q 12 variable is 2 - mutex optimisation triggered
id_q 13 variable is 3 - applying additional context for persistent fact
    added context: (0, 13): val 3, 
id_q 14 variable is 3 - persistent fact not yet applicable, storing for later

Applying the action itself: added (0, 0): val 3, (0, 11): val 3, 

--------------------------------
ITERATION 59: Length of C: 29
Popped element k with id 112 and h-value of 2. k is a pair of facts (7,12)

--------------------------------
ITERATION 60: Length of C: 28
Popped element k with id 93 and h-value of 2. k is a pair of facts (5,12)

--------------------------------
ITERATION 61: Length of C: 27
Popped element k with id 8 and h-value of 2. k is a singleton fact.

Action 4 has k as precondition. Unsat was 1 and decremented to 0, so we apply the action

id_q 0 variable is 4 - applying additional context for persistent fact
    added context: 
id_q 1 variable is 4 - applying additional context for persistent fact
    added context: 
id_q 2 variable is 4 - applying additional context for persistent fact
    added context: 
id_q 3 variable is 4 - applying additional context for persistent fact
    added context: 
id_q 4 variable is 4 - applying additional context for persistent fact
    added context: 
id_q 5 variable is 1 - applying additional context for persistent fact
    added context: 
id_q 6 variable is 1 - applying additional context for persistent fact
    added context: 
id_q 7 variable is 1 - applying additional context for persistent fact
    added context: 
id_q 8 variable is 0 - mutex optimisation triggered
id_q 9 variable is 0 - mutex optimisation triggered
id_q 10 variable is 0 - mutex optimisation triggered
id_q 11 variable is 2 - applying additional context for persistent fact
    added context: 
id_q 12 variable is 2 - applying additional context for persistent fact
    added context: 
id_q 13 variable is 3 - applying additional context for persistent fact
    added context: 
id_q 14 variable is 3 - applying additional context for persistent fact
    added context: 

Applying the action itself: added 

Action 11 has k as precondition. Unsat was 2 and decremented to 1

Action 17 has k as precondition. Unsat was 5 and decremented to 4

Persistent fact found for k=8! Applying additional context.
    added context: 
Persistent fact found for k=8! Applying additional context.
    added context: 
Persistent fact found for k=8! Applying additional context.
    added context: 
--------------------------------
ITERATION 62: Length of C: 26
Popped element k with id 121 and h-value of 2. k is a pair of facts (8,13)

Action 17 has k as precondition. Unsat was 4 and decremented to 3

--------------------------------
ITERATION 63: Length of C: 25
Popped element k with id 120 and h-value of 2. k is a pair of facts (8,12)

--------------------------------
ITERATION 64: Length of C: 24
Popped element k with id 119 and h-value of 2. k is a pair of facts (8,11)

--------------------------------
ITERATION 65: Length of C: 23
Popped element k with id 108 and h-value of 2. k is a pair of facts (7,8)

--------------------------------
ITERATION 66: Length of C: 22
Popped element k with id 99 and h-value of 2. k is a pair of facts (6,8)

--------------------------------
ITERATION 67: Length of C: 21
Popped element k with id 89 and h-value of 2. k is a pair of facts (5,8)

--------------------------------
ITERATION 68: Length of C: 20
Popped element k with id 66 and h-value of 2. k is a pair of facts (3,8)

--------------------------------
ITERATION 69: Length of C: 19
Popped element k with id 39 and h-value of 2. k is a pair of facts (1,8)

--------------------------------
ITERATION 70: Length of C: 18
Popped element k with id 27 and h-value of 3. k is a pair of facts (0,11)

Action 14 has k as precondition. Unsat was 3 and decremented to 2

Persistent fact found for f=0! Applying additional context.
    added context: (6, 0): val 4, 
Persistent fact found for f=0! Applying additional context.
    added context: 
Persistent fact found for f=0! Applying additional context.
    added context: (7, 0): val 4, 
Persistent fact found for f=0! Applying additional context.
    added context: 
Persistent fact found for f=0! Applying additional context.
    added context: 
Persistent fact found for f=0! Applying additional context.
    added context: 
Persistent fact found for f=0! Applying additional context.
    added context: 
--------------------------------
ITERATION 71: Length of C: 19
Popped element k with id 0 and h-value of 3. k is a singleton fact.

Action 14 has k as precondition. Unsat was 2 and decremented to 1

Action 17 has k as precondition. Unsat was 3 and decremented to 2

--------------------------------
ITERATION 72: Length of C: 18
Popped element k with id 29 and h-value of 3. k is a pair of facts (0,13)

Action 17 has k as precondition. Unsat was 2 and decremented to 1

--------------------------------
ITERATION 73: Length of C: 17
Popped element k with id 26 and h-value of 3. k is a pair of facts (0,10)

--------------------------------
ITERATION 74: Length of C: 16
Popped element k with id 25 and h-value of 3. k is a pair of facts (0,9)

--------------------------------
ITERATION 75: Length of C: 15
Popped element k with id 24 and h-value of 3. k is a pair of facts (0,8)

Action 17 has k as precondition. Unsat was 1 and decremented to 0, so we apply the action

id_q 0 variable is 4 - mutex optimisation triggered
id_q 1 variable is 4 - mutex optimisation triggered
id_q 2 variable is 4 - mutex optimisation triggered
id_q 3 variable is 4 - mutex optimisation triggered
id_q 4 variable is 4 - mutex optimisation triggered
id_q 5 variable is 1 - applying additional context for persistent fact
    added context: 
id_q 6 variable is 1 - applying additional context for persistent fact
    added context: 
id_q 7 variable is 1 - applying additional context for persistent fact
    added context: 
id_q 8 variable is 0 - applying additional context for prevail fact
    added context: 
id_q 9 variable is 0 - mutex with precondition
id_q 10 variable is 0 - mutex with precondition
id_q 11 variable is 2 - applying additional context for persistent fact
    added context: 
id_q 12 variable is 2 - persistent fact not yet applicable, storing for later
id_q 13 variable is 3 - mutex optimisation triggered
id_q 14 variable is 3 - mutex optimisation triggered

Applying the action itself: added 

--------------------------------
ITERATION 76: Length of C: 14
Popped element k with id 21 and h-value of 3. k is a pair of facts (0,5)

Action 14 has k as precondition. Unsat was 1 and decremented to 0, so we apply the action

id_q 0 variable is 4 - mutex optimisation triggered
id_q 1 variable is 4 - mutex optimisation triggered
id_q 2 variable is 4 - mutex optimisation triggered
id_q 3 variable is 4 - mutex optimisation triggered
id_q 4 variable is 4 - mutex optimisation triggered
id_q 5 variable is 1 - applying additional context for prevail fact
    added context: 
id_q 6 variable is 1 - mutex with precondition
id_q 7 variable is 1 - mutex with precondition
id_q 8 variable is 0 - applying additional context for persistent fact
    added context: 
id_q 9 variable is 0 - applying additional context for persistent fact
    added context: 
id_q 10 variable is 0 - applying additional context for persistent fact
    added context: 
id_q 11 variable is 2 - mutex optimisation triggered
id_q 12 variable is 2 - mutex optimisation triggered
id_q 13 variable is 3 - applying additional context for persistent fact
    added context: 
id_q 14 variable is 3 - persistent fact not yet applicable, storing for later

Applying the action itself: added 

--------------------------------
ITERATION 77: Length of C: 13
Popped element k with id 56 and h-value of 3. k is a pair of facts (2,11)

Action 16 has k as precondition. Unsat was 3 and decremented to 2

Persistent fact found for f=2! Applying additional context.
    added context: (6, 2): val 4, 
Persistent fact found for f=2! Applying additional context.
    added context: 
Persistent fact found for f=2! Applying additional context.
    added context: 
Persistent fact found for f=2! Applying additional context.
    added context: 
--------------------------------
ITERATION 78: Length of C: 13
Popped element k with id 2 and h-value of 3. k is a singleton fact.

Action 16 has k as precondition. Unsat was 2 and decremented to 1

Action 19 has k as precondition. Unsat was 3 and decremented to 2

Action 20 has k as precondition. Unsat was 3 and decremented to 2

Persistent fact found for k=2! Applying additional context.
    added context: (5, 2): val 4, 
Persistent fact found for k=2! Applying additional context.
    added context: 
--------------------------------
ITERATION 79: Length of C: 13
Popped element k with id 58 and h-value of 3. k is a pair of facts (2,13)

Action 19 has k as precondition. Unsat was 2 and decremented to 1

Persistent fact found for f=2! Applying additional context.
    added context: 
--------------------------------
ITERATION 80: Length of C: 12
Popped element k with id 55 and h-value of 3. k is a pair of facts (2,10)

Action 19 has k as precondition. Unsat was 1 and decremented to 0, so we apply the action

id_q 0 variable is 4 - mutex optimisation triggered
id_q 1 variable is 4 - mutex optimisation triggered
id_q 2 variable is 4 - mutex optimisation triggered
id_q 3 variable is 4 - mutex optimisation triggered
id_q 4 variable is 4 - mutex optimisation triggered
id_q 5 variable is 1 - applying additional context for persistent fact
    added context: 
id_q 6 variable is 1 - applying additional context for persistent fact
    added context: 
id_q 7 variable is 1 - applying additional context for persistent fact
    added context: 
id_q 8 variable is 0 - mutex with precondition
id_q 9 variable is 0 - mutex with precondition
id_q 10 variable is 0 - applying additional context for prevail fact
    added context: 
id_q 11 variable is 2 - applying additional context for persistent fact
    added context: 
id_q 12 variable is 2 - persistent fact not yet applicable, storing for later
id_q 13 variable is 3 - mutex optimisation triggered
id_q 14 variable is 3 - mutex optimisation triggered

Applying the action itself: added 

Action 20 has k as precondition. Unsat was 2 and decremented to 1

--------------------------------
ITERATION 81: Length of C: 11
Popped element k with id 54 and h-value of 3. k is a pair of facts (2,9)

--------------------------------
ITERATION 82: Length of C: 10
Popped element k with id 53 and h-value of 3. k is a pair of facts (2,8)

--------------------------------
ITERATION 83: Length of C: 9
Popped element k with id 52 and h-value of 3. k is a pair of facts (2,7)

Action 16 has k as precondition. Unsat was 1 and decremented to 0, so we apply the action

id_q 0 variable is 4 - mutex optimisation triggered
id_q 1 variable is 4 - mutex optimisation triggered
id_q 2 variable is 4 - mutex optimisation triggered
id_q 3 variable is 4 - mutex optimisation triggered
id_q 4 variable is 4 - mutex optimisation triggered
id_q 5 variable is 1 - mutex with precondition
id_q 6 variable is 1 - mutex with precondition
id_q 7 variable is 1 - applying additional context for prevail fact
    added context: 
id_q 8 variable is 0 - applying additional context for persistent fact
    added context: 
id_q 9 variable is 0 - applying additional context for persistent fact
    added context: 
id_q 10 variable is 0 - applying additional context for persistent fact
    added context: 
id_q 11 variable is 2 - mutex optimisation triggered
id_q 12 variable is 2 - mutex optimisation triggered
id_q 13 variable is 3 - applying additional context for persistent fact
    added context: 
id_q 14 variable is 3 - persistent fact not yet applicable, storing for later

Applying the action itself: added 

--------------------------------
ITERATION 84: Length of C: 8
Popped element k with id 80 and h-value of 3. k is a pair of facts (4,10)

Action 13 has k as precondition. Unsat was 1 and decremented to 0, so we apply the action

id_q 0 variable is 4 - mutex optimisation triggered
id_q 1 variable is 4 - mutex optimisation triggered
id_q 2 variable is 4 - mutex optimisation triggered
id_q 3 variable is 4 - mutex optimisation triggered
id_q 4 variable is 4 - mutex optimisation triggered
id_q 5 variable is 1 - applying additional context for persistent fact
    added context: 
id_q 6 variable is 1 - applying additional context for persistent fact
    added context: 
id_q 7 variable is 1 - applying additional context for persistent fact
    added context: 
id_q 8 variable is 0 - mutex with precondition
id_q 9 variable is 0 - mutex with precondition
id_q 10 variable is 0 - applying additional context for prevail fact
    added context: 
id_q 11 variable is 2 - applying additional context for persistent fact
    added context: 
id_q 12 variable is 2 - persistent fact not yet applicable, storing for later
id_q 13 variable is 3 - mutex optimisation triggered
id_q 14 variable is 3 - mutex optimisation triggered

Applying the action itself: added 

--------------------------------
ITERATION 85: Length of C: 7
Popped element k with id 78 and h-value of 3. k is a pair of facts (4,8)

Action 11 has k as precondition. Unsat was 1 and decremented to 0, so we apply the action

id_q 0 variable is 4 - mutex optimisation triggered
id_q 1 variable is 4 - mutex optimisation triggered
id_q 2 variable is 4 - mutex optimisation triggered
id_q 3 variable is 4 - mutex optimisation triggered
id_q 4 variable is 4 - mutex optimisation triggered
id_q 5 variable is 1 - applying additional context for persistent fact
    added context: 
id_q 6 variable is 1 - applying additional context for persistent fact
    added context: 
id_q 7 variable is 1 - applying additional context for persistent fact
    added context: 
id_q 8 variable is 0 - applying additional context for prevail fact
    added context: 
id_q 9 variable is 0 - mutex with precondition
id_q 10 variable is 0 - mutex with precondition
id_q 11 variable is 2 - applying additional context for persistent fact
    added context: 
id_q 12 variable is 2 - persistent fact not yet applicable, storing for later
id_q 13 variable is 3 - mutex optimisation triggered
id_q 14 variable is 3 - mutex optimisation triggered

Applying the action itself: added 

--------------------------------
ITERATION 86: Length of C: 6
Popped element k with id 135 and h-value of 3. k is a pair of facts (10,14)

--------------------------------
ITERATION 87: Length of C: 5
Popped element k with id 122 and h-value of 3. k is a pair of facts (8,14)

--------------------------------
ITERATION 88: Length of C: 4
Popped element k with id 50 and h-value of 4. k is a pair of facts (2,5)

--------------------------------
ITERATION 89: Length of C: 3
Popped element k with id 51 and h-value of 4. k is a pair of facts (2,6)

Action 20 has k as precondition. Unsat was 1 and decremented to 0, so we apply the action

op_goal, so we add fact_goal to the queue

--------------------------------
ITERATION 90: Length of C: 3
Popped element k with id 15 and h-value of 4.

Found goal! k = 15
Returning heuristic value: 4



STARTING HEURISTIC COMPUTATION:

--------------------------------
ITERATION 0: Length of C: 16
Popped element k with id 16 and h-value of 0. k is a singleton fact.

--------------------------------
ITERATION 1: Length of C: 15
Popped element k with id 1 and h-value of 0. k is a singleton fact.

Action 15 has k as precondition. Unsat was 6 and decremented to 5

Action 18 has k as precondition. Unsat was 6 and decremented to 5

--------------------------------
ITERATION 2: Length of C: 14
Popped element k with id 44 and h-value of 0. k is a pair of facts (1,13)

Action 18 has k as precondition. Unsat was 5 and decremented to 4

--------------------------------
ITERATION 3: Length of C: 13
Popped element k with id 13 and h-value of 0. k is a singleton fact.

Action 17 has k as precondition. Unsat was 6 and decremented to 5

Action 18 has k as precondition. Unsat was 4 and decremented to 3

Action 19 has k as precondition. Unsat was 6 and decremented to 5

--------------------------------
ITERATION 4: Length of C: 12
Popped element k with id 42 and h-value of 0. k is a pair of facts (1,11)

Action 15 has k as precondition. Unsat was 5 and decremented to 4

--------------------------------
ITERATION 5: Length of C: 11
Popped element k with id 139 and h-value of 0. k is a pair of facts (11,13)

--------------------------------
ITERATION 6: Length of C: 10
Popped element k with id 11 and h-value of 0. k is a singleton fact.

Action 14 has k as precondition. Unsat was 6 and decremented to 5

Action 15 has k as precondition. Unsat was 4 and decremented to 3

Action 16 has k as precondition. Unsat was 6 and decremented to 5

--------------------------------
ITERATION 7: Length of C: 9
Popped element k with id 36 and h-value of 0. k is a pair of facts (1,5)

--------------------------------
ITERATION 8: Length of C: 8
Popped element k with id 94 and h-value of 0. k is a pair of facts (5,13)

--------------------------------
ITERATION 9: Length of C: 7
Popped element k with id 92 and h-value of 0. k is a pair of facts (5,11)

Action 14 has k as precondition. Unsat was 5 and decremented to 4

--------------------------------
ITERATION 10: Length of C: 6
Popped element k with id 5 and h-value of 0. k is a singleton fact.

Action 0 has k as precondition. Unsat was 1 and decremented to 0, so we apply the action

id_q 0 variable is 4 - persistent fact not yet applicable, storing for later
id_q 1 variable is 4 - applying additional context for persistent fact
    added context: (6, 1): val 1, 
id_q 2 variable is 4 - persistent fact not yet applicable, storing for later
id_q 3 variable is 4 - persistent fact not yet applicable, storing for later
id_q 4 variable is 4 - persistent fact not yet applicable, storing for later
id_q 5 variable is 1 - mutex optimisation triggered
id_q 6 variable is 1 - mutex optimisation triggered
id_q 7 variable is 1 - mutex optimisation triggered
id_q 8 variable is 0 - persistent fact not yet applicable, storing for later
id_q 9 variable is 0 - applying additional context for persistent fact
    added context: (6, 9): val 1, 
id_q 10 variable is 0 - persistent fact not yet applicable, storing for later
id_q 11 variable is 2 - applying additional context for persistent fact
    added context: (6, 11): val 1, 
id_q 12 variable is 2 - persistent fact not yet applicable, storing for later
id_q 13 variable is 3 - applying additional context for persistent fact
    added context: (6, 13): val 1, 
id_q 14 variable is 3 - persistent fact not yet applicable, storing for later

Applying the action itself: added (6, 6): val 1, 

Action 8 has k as precondition. Unsat was 3 and decremented to 2

Action 14 has k as precondition. Unsat was 4 and decremented to 3

--------------------------------
ITERATION 11: Length of C: 10
Popped element k with id 40 and h-value of 0. k is a pair of facts (1,9)

Action 18 has k as precondition. Unsat was 3 and decremented to 2

--------------------------------
ITERATION 12: Length of C: 9
Popped element k with id 128 and h-value of 0. k is a pair of facts (9,13)

Action 18 has k as precondition. Unsat was 2 and decremented to 1

--------------------------------
ITERATION 13: Length of C: 8
Popped element k with id 126 and h-value of 0. k is a pair of facts (9,11)

--------------------------------
ITERATION 14: Length of C: 7
Popped element k with id 90 and h-value of 0. k is a pair of facts (5,9)

--------------------------------
ITERATION 15: Length of C: 6
Popped element k with id 9 and h-value of 0. k is a singleton fact.

Action 5 has k as precondition. Unsat was 1 and decremented to 0, so we apply the action

id_q 0 variable is 4 - persistent fact not yet applicable, storing for later
id_q 1 variable is 4 - applying additional context for persistent fact
    added context: (8, 1): val 1, 
id_q 2 variable is 4 - persistent fact not yet applicable, storing for later
id_q 3 variable is 4 - persistent fact not yet applicable, storing for later
id_q 4 variable is 4 - persistent fact not yet applicable, storing for later
id_q 5 variable is 1 - applying additional context for persistent fact
    added context: (8, 5): val 1, 
id_q 6 variable is 1 - applying additional context for persistent fact
    added context: (8, 6): val 1, 
id_q 7 variable is 1 - persistent fact not yet applicable, storing for later
id_q 8 variable is 0 - mutex optimisation triggered
id_q 9 variable is 0 - mutex optimisation triggered
id_q 10 variable is 0 - mutex optimisation triggered
id_q 11 variable is 2 - applying additional context for persistent fact
    added context: (8, 11): val 1, 
id_q 12 variable is 2 - persistent fact not yet applicable, storing for later
id_q 13 variable is 3 - applying additional context for persistent fact
    added context: (8, 13): val 1, 
id_q 14 variable is 3 - persistent fact not yet applicable, storing for later

Applying the action itself: added (8, 8): val 1, 

Action 6 has k as precondition. Unsat was 1 and decremented to 0, so we apply the action

id_q 0 variable is 4 - persistent fact not yet applicable, storing for later
id_q 1 variable is 4 - applying additional context for persistent fact
    added context: (10, 1): val 1, 
id_q 2 variable is 4 - persistent fact not yet applicable, storing for later
id_q 3 variable is 4 - persistent fact not yet applicable, storing for later
id_q 4 variable is 4 - persistent fact not yet applicable, storing for later
id_q 5 variable is 1 - applying additional context for persistent fact
    added context: (10, 5): val 1, 
id_q 6 variable is 1 - applying additional context for persistent fact
    added context: (10, 6): val 1, 
id_q 7 variable is 1 - persistent fact not yet applicable, storing for later
id_q 8 variable is 0 - mutex optimisation triggered
id_q 9 variable is 0 - mutex optimisation triggered
id_q 10 variable is 0 - mutex optimisation triggered
id_q 11 variable is 2 - applying additional context for persistent fact
    added context: (10, 11): val 1, 
id_q 12 variable is 2 - persistent fact not yet applicable, storing for later
id_q 13 variable is 3 - applying additional context for persistent fact
    added context: (10, 13): val 1, 
id_q 14 variable is 3 - persistent fact not yet applicable, storing for later

Applying the action itself: added (10, 10): val 1, 

Action 12 has k as precondition. Unsat was 3 and decremented to 2

Action 18 has k as precondition. Unsat was 1 and decremented to 0, so we apply the action

id_q 0 variable is 4 - mutex optimisation triggered
id_q 1 variable is 4 - mutex optimisation triggered
id_q 2 variable is 4 - mutex optimisation triggered
id_q 3 variable is 4 - mutex optimisation triggered
id_q 4 variable is 4 - mutex optimisation triggered
id_q 5 variable is 1 - applying additional context for persistent fact
    added context: (4, 5): val 1, (14, 5): val 1, 
id_q 6 variable is 1 - applying additional context for persistent fact
    added context: (4, 6): val 1, (14, 6): val 1, 
id_q 7 variable is 1 - persistent fact not yet applicable, storing for later
id_q 8 variable is 0 - mutex with precondition
id_q 9 variable is 0 - applying additional context for prevail fact
    added context: (4, 9): val 1, (14, 9): val 1, 
id_q 10 variable is 0 - mutex with precondition
id_q 11 variable is 2 - applying additional context for persistent fact
    added context: (4, 11): val 1, (14, 11): val 1, 
id_q 12 variable is 2 - persistent fact not yet applicable, storing for later
id_q 13 variable is 3 - mutex optimisation triggered
id_q 14 variable is 3 - mutex optimisation triggered

Applying the action itself: added (4, 4): val 1, (4, 14): val 1, (14, 14): val 1, 

--------------------------------
ITERATION 16: Length of C: 28
Popped element k with id 14 and h-value of 1. k is a singleton fact.

Persistent fact found for k=14! Applying additional context.
    added context: 
Persistent fact found for k=14! Applying additional context.
    added context: (8, 14): val 2, 
Persistent fact found for k=14! Applying additional context.
    added context: (10, 14): val 2, 
--------------------------------
ITERATION 17: Length of C: 29
Popped element k with id 84 and h-value of 1. k is a pair of facts (4,14)

Persistent fact found for f=4! Applying additional context.
    added context: 
Persistent fact found for f=4! Applying additional context.
    added context: (8, 4): val 2, 
Persistent fact found for f=4! Applying additional context.
    added context: (10, 4): val 2, 
--------------------------------
ITERATION 18: Length of C: 30
Popped element k with id 4 and h-value of 1. k is a singleton fact.

Action 11 has k as precondition. Unsat was 3 and decremented to 2

Action 12 has k as precondition. Unsat was 2 and decremented to 1

Action 13 has k as precondition. Unsat was 3 and decremented to 2

--------------------------------
ITERATION 19: Length of C: 29
Popped element k with id 140 and h-value of 1. k is a pair of facts (11,14)

--------------------------------
ITERATION 20: Length of C: 28
Popped element k with id 81 and h-value of 1. k is a pair of facts (4,11)

--------------------------------
ITERATION 21: Length of C: 27
Popped element k with id 129 and h-value of 1. k is a pair of facts (9,14)

--------------------------------
ITERATION 22: Length of C: 26
Popped element k with id 79 and h-value of 1. k is a pair of facts (4,9)

Action 12 has k as precondition. Unsat was 1 and decremented to 0, so we apply the action

id_q 0 variable is 4 - mutex optimisation triggered
id_q 1 variable is 4 - mutex optimisation triggered
id_q 2 variable is 4 - mutex optimisation triggered
id_q 3 variable is 4 - mutex optimisation triggered
id_q 4 variable is 4 - mutex optimisation triggered
id_q 5 variable is 1 - applying additional context for persistent fact
    added context: 
id_q 6 variable is 1 - applying additional context for persistent fact
    added context: 
id_q 7 variable is 1 - persistent fact not yet applicable, storing for later
id_q 8 variable is 0 - mutex with precondition
id_q 9 variable is 0 - applying additional context for prevail fact
    added context: 
id_q 10 variable is 0 - mutex with precondition
id_q 11 variable is 2 - applying additional context for persistent fact
    added context: 
id_q 12 variable is 2 - persistent fact not yet applicable, storing for later
id_q 13 variable is 3 - mutex optimisation triggered
id_q 14 variable is 3 - mutex optimisation triggered

Applying the action itself: added 

--------------------------------
ITERATION 23: Length of C: 25
Popped element k with id 105 and h-value of 1. k is a pair of facts (6,14)

--------------------------------
ITERATION 24: Length of C: 24
Popped element k with id 76 and h-value of 1. k is a pair of facts (4,6)

--------------------------------
ITERATION 25: Length of C: 23
Popped element k with id 95 and h-value of 1. k is a pair of facts (5,14)

--------------------------------
ITERATION 26: Length of C: 22
Popped element k with id 75 and h-value of 1. k is a pair of facts (4,5)

--------------------------------
ITERATION 27: Length of C: 21
Popped element k with id 10 and h-value of 1. k is a singleton fact.

Action 7 has k as precondition. Unsat was 1 and decremented to 0, so we apply the action

id_q 0 variable is 4 - persistent fact not yet applicable, storing for later
id_q 1 variable is 4 - applying additional context for persistent fact
    added context: 
id_q 2 variable is 4 - persistent fact not yet applicable, storing for later
id_q 3 variable is 4 - persistent fact not yet applicable, storing for later
id_q 4 variable is 4 - applying additional context for persistent fact
    added context: 
id_q 5 variable is 1 - applying additional context for persistent fact
    added context: 
id_q 6 variable is 1 - applying additional context for persistent fact
    added context: 
id_q 7 variable is 1 - persistent fact not yet applicable, storing for later
id_q 8 variable is 0 - mutex optimisation triggered
id_q 9 variable is 0 - mutex optimisation triggered
id_q 10 variable is 0 - mutex optimisation triggered
id_q 11 variable is 2 - applying additional context for persistent fact
    added context: 
id_q 12 variable is 2 - persistent fact not yet applicable, storing for later
id_q 13 variable is 3 - applying additional context for persistent fact
    added context: 
id_q 14 variable is 3 - applying additional context for persistent fact
    added context: 

Applying the action itself: added 

Action 13 has k as precondition. Unsat was 2 and decremented to 1

Action 19 has k as precondition. Unsat was 5 and decremented to 4

Action 20 has k as precondition. Unsat was 6 and decremented to 5

Persistent fact found for k=10! Applying additional context.
    added context: 
--------------------------------
ITERATION 28: Length of C: 20
Popped element k with id 134 and h-value of 1. k is a pair of facts (10,13)

Action 19 has k as precondition. Unsat was 4 and decremented to 3

--------------------------------
ITERATION 29: Length of C: 19
Popped element k with id 132 and h-value of 1. k is a pair of facts (10,11)

--------------------------------
ITERATION 30: Length of C: 18
Popped element k with id 101 and h-value of 1. k is a pair of facts (6,10)

Action 20 has k as precondition. Unsat was 5 and decremented to 4

--------------------------------
ITERATION 31: Length of C: 17
Popped element k with id 91 and h-value of 1. k is a pair of facts (5,10)

--------------------------------
ITERATION 32: Length of C: 16
Popped element k with id 41 and h-value of 1. k is a pair of facts (1,10)

--------------------------------
ITERATION 33: Length of C: 15
Popped element k with id 8 and h-value of 1. k is a singleton fact.

Action 4 has k as precondition. Unsat was 1 and decremented to 0, so we apply the action

id_q 0 variable is 4 - persistent fact not yet applicable, storing for later
id_q 1 variable is 4 - applying additional context for persistent fact
    added context: 
id_q 2 variable is 4 - persistent fact not yet applicable, storing for later
id_q 3 variable is 4 - persistent fact not yet applicable, storing for later
id_q 4 variable is 4 - applying additional context for persistent fact
    added context: 
id_q 5 variable is 1 - applying additional context for persistent fact
    added context: 
id_q 6 variable is 1 - applying additional context for persistent fact
    added context: 
id_q 7 variable is 1 - persistent fact not yet applicable, storing for later
id_q 8 variable is 0 - mutex optimisation triggered
id_q 9 variable is 0 - mutex optimisation triggered
id_q 10 variable is 0 - mutex optimisation triggered
id_q 11 variable is 2 - applying additional context for persistent fact
    added context: 
id_q 12 variable is 2 - persistent fact not yet applicable, storing for later
id_q 13 variable is 3 - applying additional context for persistent fact
    added context: 
id_q 14 variable is 3 - applying additional context for persistent fact
    added context: 

Applying the action itself: added 

Action 11 has k as precondition. Unsat was 2 and decremented to 1

Action 17 has k as precondition. Unsat was 5 and decremented to 4

Persistent fact found for k=8! Applying additional context.
    added context: 
--------------------------------
ITERATION 34: Length of C: 14
Popped element k with id 121 and h-value of 1. k is a pair of facts (8,13)

Action 17 has k as precondition. Unsat was 4 and decremented to 3

--------------------------------
ITERATION 35: Length of C: 13
Popped element k with id 119 and h-value of 1. k is a pair of facts (8,11)

--------------------------------
ITERATION 36: Length of C: 12
Popped element k with id 99 and h-value of 1. k is a pair of facts (6,8)

--------------------------------
ITERATION 37: Length of C: 11
Popped element k with id 89 and h-value of 1. k is a pair of facts (5,8)

--------------------------------
ITERATION 38: Length of C: 10
Popped element k with id 39 and h-value of 1. k is a pair of facts (1,8)

--------------------------------
ITERATION 39: Length of C: 9
Popped element k with id 6 and h-value of 1. k is a singleton fact.

Action 1 has k as precondition. Unsat was 1 and decremented to 0, so we apply the action

id_q 0 variable is 4 - persistent fact not yet applicable, storing for later
id_q 1 variable is 4 - applying additional context for persistent fact
    added context: 
id_q 2 variable is 4 - persistent fact not yet applicable, storing for later
id_q 3 variable is 4 - persistent fact not yet applicable, storing for later
id_q 4 variable is 4 - applying additional context for persistent fact
    added context: 
id_q 5 variable is 1 - mutex optimisation triggered
id_q 6 variable is 1 - mutex optimisation triggered
id_q 7 variable is 1 - mutex optimisation triggered
id_q 8 variable is 0 - applying additional context for persistent fact
    added context: 
id_q 9 variable is 0 - applying additional context for persistent fact
    added context: 
id_q 10 variable is 0 - applying additional context for persistent fact
    added context: 
id_q 11 variable is 2 - applying additional context for persistent fact
    added context: 
id_q 12 variable is 2 - persistent fact not yet applicable, storing for later
id_q 13 variable is 3 - applying additional context for persistent fact
    added context: 
id_q 14 variable is 3 - applying additional context for persistent fact
    added context: 

Applying the action itself: added 

Action 2 has k as precondition. Unsat was 1 and decremented to 0, so we apply the action

id_q 0 variable is 4 - persistent fact not yet applicable, storing for later
id_q 1 variable is 4 - applying additional context for persistent fact
    added context: (7, 1): val 2, 
id_q 2 variable is 4 - persistent fact not yet applicable, storing for later
id_q 3 variable is 4 - persistent fact not yet applicable, storing for later
id_q 4 variable is 4 - applying additional context for persistent fact
    added context: (7, 4): val 2, 
id_q 5 variable is 1 - mutex optimisation triggered
id_q 6 variable is 1 - mutex optimisation triggered
id_q 7 variable is 1 - mutex optimisation triggered
id_q 8 variable is 0 - applying additional context for persistent fact
    added context: (7, 8): val 2, 
id_q 9 variable is 0 - applying additional context for persistent fact
    added context: (7, 9): val 2, 
id_q 10 variable is 0 - applying additional context for persistent fact
    added context: (7, 10): val 2, 
id_q 11 variable is 2 - applying additional context for persistent fact
    added context: (7, 11): val 2, 
id_q 12 variable is 2 - persistent fact not yet applicable, storing for later
id_q 13 variable is 3 - applying additional context for persistent fact
    added context: (7, 13): val 2, 
id_q 14 variable is 3 - applying additional context for persistent fact
    added context: (7, 14): val 2, 

Applying the action itself: added (7, 7): val 2, 

Action 9 has k as precondition. Unsat was 3 and decremented to 2

Action 15 has k as precondition. Unsat was 3 and decremented to 2

Action 20 has k as precondition. Unsat was 4 and decremented to 3

--------------------------------
ITERATION 40: Length of C: 17
Popped element k with id 104 and h-value of 1. k is a pair of facts (6,13)

--------------------------------
ITERATION 41: Length of C: 16
Popped element k with id 102 and h-value of 1. k is a pair of facts (6,11)

Action 15 has k as precondition. Unsat was 2 and decremented to 1

--------------------------------
ITERATION 42: Length of C: 15
Popped element k with id 100 and h-value of 1. k is a pair of facts (6,9)

--------------------------------
ITERATION 43: Length of C: 14
Popped element k with id 37 and h-value of 1. k is a pair of facts (1,6)

Action 15 has k as precondition. Unsat was 1 and decremented to 0, so we apply the action

id_q 0 variable is 4 - mutex optimisation triggered
id_q 1 variable is 4 - mutex optimisation triggered
id_q 2 variable is 4 - mutex optimisation triggered
id_q 3 variable is 4 - mutex optimisation triggered
id_q 4 variable is 4 - mutex optimisation triggered
id_q 5 variable is 1 - mutex with precondition
id_q 6 variable is 1 - applying additional context for prevail fact
    added context: (3, 6): val 2, (12, 6): val 2, 
id_q 7 variable is 1 - mutex with precondition
id_q 8 variable is 0 - applying additional context for persistent fact
    added context: (3, 8): val 2, (12, 8): val 2, 
id_q 9 variable is 0 - applying additional context for persistent fact
    added context: (3, 9): val 2, (12, 9): val 2, 
id_q 10 variable is 0 - applying additional context for persistent fact
    added context: (3, 10): val 2, (12, 10): val 2, 
id_q 11 variable is 2 - mutex optimisation triggered
id_q 12 variable is 2 - mutex optimisation triggered
id_q 13 variable is 3 - applying additional context for persistent fact
    added context: (3, 13): val 2, (12, 13): val 2, 
id_q 14 variable is 3 - persistent fact not yet applicable, storing for later

Applying the action itself: added (3, 3): val 2, (3, 12): val 2, (12, 12): val 2, 

--------------------------------
ITERATION 44: Length of C: 26
Popped element k with id 12 and h-value of 2. k is a singleton fact.

Persistent fact found for k=12! Applying additional context.
    added context: (5, 12): val 3, 
Persistent fact found for k=12! Applying additional context.
    added context: (7, 12): val 3, 
Persistent fact found for k=12! Applying additional context.
    added context: 
Persistent fact found for k=12! Applying additional context.
    added context: 
Persistent fact found for k=12! Applying additional context.
    added context: 
Persistent fact found for k=12! Applying additional context.
    added context: 
--------------------------------
ITERATION 45: Length of C: 27
Popped element k with id 70 and h-value of 2. k is a pair of facts (3,12)

Persistent fact found for q=12! Applying additional context.
    added context: 
Persistent fact found for f=3! Applying additional context.
    added context: (5, 3): val 3, 
Persistent fact found for f=3! Applying additional context.
    added context: (7, 3): val 3, 
Persistent fact found for f=3! Applying additional context.
    added context: 
Persistent fact found for f=3! Applying additional context.
    added context: 
Persistent fact found for f=3! Applying additional context.
    added context: 
Persistent fact found for f=3! Applying additional context.
    added context: 
--------------------------------
ITERATION 46: Length of C: 28
Popped element k with id 3 and h-value of 2. k is a singleton fact.

Action 8 has k as precondition. Unsat was 2 and decremented to 1

Action 9 has k as precondition. Unsat was 2 and decremented to 1

Action 10 has k as precondition. Unsat was 3 and decremented to 2

Persistent fact found for k=3! Applying additional context.
    added context: 
--------------------------------
ITERATION 47: Length of C: 27
Popped element k with id 143 and h-value of 2. k is a pair of facts (12,13)

--------------------------------
ITERATION 48: Length of C: 26
Popped element k with id 71 and h-value of 2. k is a pair of facts (3,13)

--------------------------------
ITERATION 49: Length of C: 25
Popped element k with id 133 and h-value of 2. k is a pair of facts (10,12)

--------------------------------
ITERATION 50: Length of C: 24
Popped element k with id 68 and h-value of 2. k is a pair of facts (3,10)

--------------------------------
ITERATION 51: Length of C: 23
Popped element k with id 127 and h-value of 2. k is a pair of facts (9,12)

--------------------------------
ITERATION 52: Length of C: 22
Popped element k with id 67 and h-value of 2. k is a pair of facts (3,9)

--------------------------------
ITERATION 53: Length of C: 21
Popped element k with id 120 and h-value of 2. k is a pair of facts (8,12)

--------------------------------
ITERATION 54: Length of C: 20
Popped element k with id 66 and h-value of 2. k is a pair of facts (3,8)

--------------------------------
ITERATION 55: Length of C: 19
Popped element k with id 103 and h-value of 2. k is a pair of facts (6,12)

--------------------------------
ITERATION 56: Length of C: 18
Popped element k with id 64 and h-value of 2. k is a pair of facts (3,6)

Action 9 has k as precondition. Unsat was 1 and decremented to 0, so we apply the action

id_q 0 variable is 4 - mutex optimisation triggered
id_q 1 variable is 4 - mutex optimisation triggered
id_q 2 variable is 4 - mutex optimisation triggered
id_q 3 variable is 4 - mutex optimisation triggered
id_q 4 variable is 4 - mutex optimisation triggered
id_q 5 variable is 1 - mutex with precondition
id_q 6 variable is 1 - applying additional context for prevail fact
    added context: 
id_q 7 variable is 1 - mutex with precondition
id_q 8 variable is 0 - applying additional context for persistent fact
    added context: 
id_q 9 variable is 0 - applying additional context for persistent fact
    added context: 
id_q 10 variable is 0 - applying additional context for persistent fact
    added context: 
id_q 11 variable is 2 - mutex optimisation triggered
id_q 12 variable is 2 - mutex optimisation triggered
id_q 13 variable is 3 - applying additional context for persistent fact
    added context: 
id_q 14 variable is 3 - persistent fact not yet applicable, storing for later

Applying the action itself: added 

--------------------------------
ITERATION 57: Length of C: 17
Popped element k with id 7 and h-value of 2. k is a singleton fact.

Action 3 has k as precondition. Unsat was 1 and decremented to 0, so we apply the action

id_q 0 variable is 4 - persistent fact not yet applicable, storing for later
id_q 1 variable is 4 - applying additional context for persistent fact
    added context: 
id_q 2 variable is 4 - persistent fact not yet applicable, storing for later
id_q 3 variable is 4 - applying additional context for persistent fact
    added context: 
id_q 4 variable is 4 - applying additional context for persistent fact
    added context: 
id_q 5 variable is 1 - mutex optimisation triggered
id_q 6 variable is 1 - mutex optimisation triggered
id_q 7 variable is 1 - mutex optimisation triggered
id_q 8 variable is 0 - applying additional context for persistent fact
    added context: 
id_q 9 variable is 0 - applying additional context for persistent fact
    added context: 
id_q 10 variable is 0 - applying additional context for persistent fact
    added context: 
id_q 11 variable is 2 - applying additional context for persistent fact
    added context: 
id_q 12 variable is 2 - applying additional context for persistent fact
    added context: 
id_q 13 variable is 3 - applying additional context for persistent fact
    added context: 
id_q 14 variable is 3 - applying additional context for persistent fact
    added context: 

Applying the action itself: added 

Action 10 has k as precondition. Unsat was 2 and decremented to 1

Action 16 has k as precondition. Unsat was 5 and decremented to 4

Persistent fact found for k=7! Applying additional context.
    added context: 
Persistent fact found for k=7! Applying additional context.
    added context: 
Persistent fact found for k=7! Applying additional context.
    added context: 
Persistent fact found for k=7! Applying additional context.
    added context: 
Persistent fact found for k=7! Applying additional context.
    added context: 
Persistent fact found for k=7! Applying additional context.
    added context: 
--------------------------------
ITERATION 58: Length of C: 16
Popped element k with id 114 and h-value of 2. k is a pair of facts (7,14)

--------------------------------
ITERATION 59: Length of C: 15
Popped element k with id 113 and h-value of 2. k is a pair of facts (7,13)

--------------------------------
ITERATION 60: Length of C: 14
Popped element k with id 111 and h-value of 2. k is a pair of facts (7,11)

Action 16 has k as precondition. Unsat was 4 and decremented to 3

--------------------------------
ITERATION 61: Length of C: 13
Popped element k with id 110 and h-value of 2. k is a pair of facts (7,10)

--------------------------------
ITERATION 62: Length of C: 12
Popped element k with id 109 and h-value of 2. k is a pair of facts (7,9)

--------------------------------
ITERATION 63: Length of C: 11
Popped element k with id 108 and h-value of 2. k is a pair of facts (7,8)

--------------------------------
ITERATION 64: Length of C: 10
Popped element k with id 77 and h-value of 2. k is a pair of facts (4,7)

--------------------------------
ITERATION 65: Length of C: 9
Popped element k with id 38 and h-value of 2. k is a pair of facts (1,7)

--------------------------------
ITERATION 66: Length of C: 8
Popped element k with id 80 and h-value of 2. k is a pair of facts (4,10)

Action 13 has k as precondition. Unsat was 1 and decremented to 0, so we apply the action

id_q 0 variable is 4 - mutex optimisation triggered
id_q 1 variable is 4 - mutex optimisation triggered
id_q 2 variable is 4 - mutex optimisation triggered
id_q 3 variable is 4 - mutex optimisation triggered
id_q 4 variable is 4 - mutex optimisation triggered
id_q 5 variable is 1 - applying additional context for persistent fact
    added context: (2, 5): val 3, 
id_q 6 variable is 1 - applying additional context for persistent fact
    added context: (2, 6): val 3, 
id_q 7 variable is 1 - applying additional context for persistent fact
    added context: (2, 7): val 3, 
id_q 8 variable is 0 - mutex with precondition
id_q 9 variable is 0 - mutex with precondition
id_q 10 variable is 0 - applying additional context for prevail fact
    added context: (2, 10): val 3, 
id_q 11 variable is 2 - applying additional context for persistent fact
    added context: (2, 11): val 3, 
id_q 12 variable is 2 - persistent fact not yet applicable, storing for later
id_q 13 variable is 3 - mutex optimisation triggered
id_q 14 variable is 3 - mutex optimisation triggered

Applying the action itself: added (2, 2): val 3, (2, 13): val 3, 

--------------------------------
ITERATION 67: Length of C: 14
Popped element k with id 78 and h-value of 2. k is a pair of facts (4,8)

Action 11 has k as precondition. Unsat was 1 and decremented to 0, so we apply the action

id_q 0 variable is 4 - mutex optimisation triggered
id_q 1 variable is 4 - mutex optimisation triggered
id_q 2 variable is 4 - mutex optimisation triggered
id_q 3 variable is 4 - mutex optimisation triggered
id_q 4 variable is 4 - mutex optimisation triggered
id_q 5 variable is 1 - applying additional context for persistent fact
    added context: (0, 5): val 3, 
id_q 6 variable is 1 - applying additional context for persistent fact
    added context: (0, 6): val 3, 
id_q 7 variable is 1 - applying additional context for persistent fact
    added context: (0, 7): val 3, 
id_q 8 variable is 0 - applying additional context for prevail fact
    added context: (0, 8): val 3, 
id_q 9 variable is 0 - mutex with precondition
id_q 10 variable is 0 - mutex with precondition
id_q 11 variable is 2 - applying additional context for persistent fact
    added context: (0, 11): val 3, 
id_q 12 variable is 2 - persistent fact not yet applicable, storing for later
id_q 13 variable is 3 - mutex optimisation triggered
id_q 14 variable is 3 - mutex optimisation triggered

Applying the action itself: added (0, 0): val 3, (0, 13): val 3, 

--------------------------------
ITERATION 68: Length of C: 20
Popped element k with id 135 and h-value of 2. k is a pair of facts (10,14)

--------------------------------
ITERATION 69: Length of C: 19
Popped element k with id 122 and h-value of 2. k is a pair of facts (8,14)

--------------------------------
ITERATION 70: Length of C: 18
Popped element k with id 29 and h-value of 3. k is a pair of facts (0,13)

Action 17 has k as precondition. Unsat was 3 and decremented to 2

Persistent fact found for f=0! Applying additional context.
    added context: 
Persistent fact found for f=0! Applying additional context.
    added context: 
Persistent fact found for f=0! Applying additional context.
    added context: 
Persistent fact found for f=0! Applying additional context.
    added context: 
Persistent fact found for f=0! Applying additional context.
    added context: (9, 0): val 4, 
Persistent fact found for f=0! Applying additional context.
    added context: 
Persistent fact found for f=0! Applying additional context.
    added context: (10, 0): val 4, 
Persistent fact found for f=0! Applying additional context.
    added context: 
--------------------------------
ITERATION 71: Length of C: 19
Popped element k with id 0 and h-value of 3. k is a singleton fact.

Action 14 has k as precondition. Unsat was 3 and decremented to 2

Action 17 has k as precondition. Unsat was 2 and decremented to 1

--------------------------------
ITERATION 72: Length of C: 18
Popped element k with id 27 and h-value of 3. k is a pair of facts (0,11)

Action 14 has k as precondition. Unsat was 2 and decremented to 1

--------------------------------
ITERATION 73: Length of C: 17
Popped element k with id 24 and h-value of 3. k is a pair of facts (0,8)

Action 17 has k as precondition. Unsat was 1 and decremented to 0, so we apply the action

id_q 0 variable is 4 - mutex optimisation triggered
id_q 1 variable is 4 - mutex optimisation triggered
id_q 2 variable is 4 - mutex optimisation triggered
id_q 3 variable is 4 - mutex optimisation triggered
id_q 4 variable is 4 - mutex optimisation triggered
id_q 5 variable is 1 - applying additional context for persistent fact
    added context: 
id_q 6 variable is 1 - applying additional context for persistent fact
    added context: 
id_q 7 variable is 1 - applying additional context for persistent fact
    added context: 
id_q 8 variable is 0 - applying additional context for prevail fact
    added context: 
id_q 9 variable is 0 - mutex with precondition
id_q 10 variable is 0 - mutex with precondition
id_q 11 variable is 2 - applying additional context for persistent fact
    added context: 
id_q 12 variable is 2 - persistent fact not yet applicable, storing for later
id_q 13 variable is 3 - mutex optimisation triggered
id_q 14 variable is 3 - mutex optimisation triggered

Applying the action itself: added 

--------------------------------
ITERATION 74: Length of C: 16
Popped element k with id 23 and h-value of 3. k is a pair of facts (0,7)

--------------------------------
ITERATION 75: Length of C: 15
Popped element k with id 22 and h-value of 3. k is a pair of facts (0,6)

--------------------------------
ITERATION 76: Length of C: 14
Popped element k with id 21 and h-value of 3. k is a pair of facts (0,5)

Action 14 has k as precondition. Unsat was 1 and decremented to 0, so we apply the action

id_q 0 variable is 4 - mutex optimisation triggered
id_q 1 variable is 4 - mutex optimisation triggered
id_q 2 variable is 4 - mutex optimisation triggered
id_q 3 variable is 4 - mutex optimisation triggered
id_q 4 variable is 4 - mutex optimisation triggered
id_q 5 variable is 1 - applying additional context for prevail fact
    added context: 
id_q 6 variable is 1 - mutex with precondition
id_q 7 variable is 1 - mutex with precondition
id_q 8 variable is 0 - applying additional context for persistent fact
    added context: 
id_q 9 variable is 0 - applying additional context for persistent fact
    added context: 
id_q 10 variable is 0 - applying additional context for persistent fact
    added context: 
id_q 11 variable is 2 - mutex optimisation triggered
id_q 12 variable is 2 - mutex optimisation triggered
id_q 13 variable is 3 - applying additional context for persistent fact
    added context: 
id_q 14 variable is 3 - persistent fact not yet applicable, storing for later

Applying the action itself: added 

--------------------------------
ITERATION 77: Length of C: 13
Popped element k with id 58 and h-value of 3. k is a pair of facts (2,13)

Action 19 has k as precondition. Unsat was 3 and decremented to 2

Persistent fact found for f=2! Applying additional context.
    added context: 
Persistent fact found for f=2! Applying additional context.
    added context: 
Persistent fact found for f=2! Applying additional context.
    added context: 
Persistent fact found for f=2! Applying additional context.
    added context: 
Persistent fact found for f=2! Applying additional context.
    added context: (9, 2): val 4, 
--------------------------------
ITERATION 78: Length of C: 13
Popped element k with id 2 and h-value of 3. k is a singleton fact.

Action 16 has k as precondition. Unsat was 3 and decremented to 2

Action 19 has k as precondition. Unsat was 2 and decremented to 1

Action 20 has k as precondition. Unsat was 3 and decremented to 2

Persistent fact found for k=2! Applying additional context.
    added context: (8, 2): val 4, 
Persistent fact found for k=2! Applying additional context.
    added context: 
--------------------------------
ITERATION 79: Length of C: 13
Popped element k with id 56 and h-value of 3. k is a pair of facts (2,11)

Action 16 has k as precondition. Unsat was 2 and decremented to 1

Persistent fact found for f=2! Applying additional context.
    added context: 
--------------------------------
ITERATION 80: Length of C: 12
Popped element k with id 55 and h-value of 3. k is a pair of facts (2,10)

Action 19 has k as precondition. Unsat was 1 and decremented to 0, so we apply the action

id_q 0 variable is 4 - mutex optimisation triggered
id_q 1 variable is 4 - mutex optimisation triggered
id_q 2 variable is 4 - mutex optimisation triggered
id_q 3 variable is 4 - mutex optimisation triggered
id_q 4 variable is 4 - mutex optimisation triggered
id_q 5 variable is 1 - applying additional context for persistent fact
    added context: 
id_q 6 variable is 1 - applying additional context for persistent fact
    added context: 
id_q 7 variable is 1 - applying additional context for persistent fact
    added context: 
id_q 8 variable is 0 - mutex with precondition
id_q 9 variable is 0 - mutex with precondition
id_q 10 variable is 0 - applying additional context for prevail fact
    added context: 
id_q 11 variable is 2 - applying additional context for persistent fact
    added context: 
id_q 12 variable is 2 - persistent fact not yet applicable, storing for later
id_q 13 variable is 3 - mutex optimisation triggered
id_q 14 variable is 3 - mutex optimisation triggered

Applying the action itself: added 

Action 20 has k as precondition. Unsat was 2 and decremented to 1

--------------------------------
ITERATION 81: Length of C: 11
Popped element k with id 52 and h-value of 3. k is a pair of facts (2,7)

Action 16 has k as precondition. Unsat was 1 and decremented to 0, so we apply the action

id_q 0 variable is 4 - mutex optimisation triggered
id_q 1 variable is 4 - mutex optimisation triggered
id_q 2 variable is 4 - mutex optimisation triggered
id_q 3 variable is 4 - mutex optimisation triggered
id_q 4 variable is 4 - mutex optimisation triggered
id_q 5 variable is 1 - mutex with precondition
id_q 6 variable is 1 - mutex with precondition
id_q 7 variable is 1 - applying additional context for prevail fact
    added context: 
id_q 8 variable is 0 - applying additional context for persistent fact
    added context: 
id_q 9 variable is 0 - applying additional context for persistent fact
    added context: 
id_q 10 variable is 0 - applying additional context for persistent fact
    added context: 
id_q 11 variable is 2 - mutex optimisation triggered
id_q 12 variable is 2 - mutex optimisation triggered
id_q 13 variable is 3 - applying additional context for persistent fact
    added context: 
id_q 14 variable is 3 - persistent fact not yet applicable, storing for later

Applying the action itself: added 

--------------------------------
ITERATION 82: Length of C: 10
Popped element k with id 51 and h-value of 3. k is a pair of facts (2,6)

Action 20 has k as precondition. Unsat was 1 and decremented to 0, so we apply the action

op_goal, so we add fact_goal to the queue

--------------------------------
ITERATION 83: Length of C: 10
Popped element k with id 15 and h-value of 3.

Found goal! k = 15
Returning heuristic value: 3



STARTING HEURISTIC COMPUTATION:

--------------------------------
ITERATION 0: Length of C: 16
Popped element k with id 16 and h-value of 0. k is a singleton fact.

--------------------------------
ITERATION 1: Length of C: 15
Popped element k with id 1 and h-value of 0. k is a singleton fact.

Action 15 has k as precondition. Unsat was 6 and decremented to 5

Action 18 has k as precondition. Unsat was 6 and decremented to 5

--------------------------------
ITERATION 2: Length of C: 14
Popped element k with id 44 and h-value of 0. k is a pair of facts (1,13)

Action 18 has k as precondition. Unsat was 5 and decremented to 4

--------------------------------
ITERATION 3: Length of C: 13
Popped element k with id 13 and h-value of 0. k is a singleton fact.

Action 17 has k as precondition. Unsat was 6 and decremented to 5

Action 18 has k as precondition. Unsat was 4 and decremented to 3

Action 19 has k as precondition. Unsat was 6 and decremented to 5

--------------------------------
ITERATION 4: Length of C: 12
Popped element k with id 42 and h-value of 0. k is a pair of facts (1,11)

Action 15 has k as precondition. Unsat was 5 and decremented to 4

--------------------------------
ITERATION 5: Length of C: 11
Popped element k with id 139 and h-value of 0. k is a pair of facts (11,13)

--------------------------------
ITERATION 6: Length of C: 10
Popped element k with id 11 and h-value of 0. k is a singleton fact.

Action 14 has k as precondition. Unsat was 6 and decremented to 5

Action 15 has k as precondition. Unsat was 4 and decremented to 3

Action 16 has k as precondition. Unsat was 6 and decremented to 5

--------------------------------
ITERATION 7: Length of C: 9
Popped element k with id 37 and h-value of 0. k is a pair of facts (1,6)

Action 15 has k as precondition. Unsat was 3 and decremented to 2

--------------------------------
ITERATION 8: Length of C: 8
Popped element k with id 104 and h-value of 0. k is a pair of facts (6,13)

--------------------------------
ITERATION 9: Length of C: 7
Popped element k with id 102 and h-value of 0. k is a pair of facts (6,11)

Action 15 has k as precondition. Unsat was 2 and decremented to 1

--------------------------------
ITERATION 10: Length of C: 6
Popped element k with id 6 and h-value of 0. k is a singleton fact.

Action 1 has k as precondition. Unsat was 1 and decremented to 0, so we apply the action

id_q 0 variable is 4 - persistent fact not yet applicable, storing for later
id_q 1 variable is 4 - applying additional context for persistent fact
    added context: (5, 1): val 1, 
id_q 2 variable is 4 - persistent fact not yet applicable, storing for later
id_q 3 variable is 4 - persistent fact not yet applicable, storing for later
id_q 4 variable is 4 - persistent fact not yet applicable, storing for later
id_q 5 variable is 1 - mutex optimisation triggered
id_q 6 variable is 1 - mutex optimisation triggered
id_q 7 variable is 1 - mutex optimisation triggered
id_q 8 variable is 0 - persistent fact not yet applicable, storing for later
id_q 9 variable is 0 - applying additional context for persistent fact
    added context: (5, 9): val 1, 
id_q 10 variable is 0 - persistent fact not yet applicable, storing for later
id_q 11 variable is 2 - applying additional context for persistent fact
    added context: (5, 11): val 1, 
id_q 12 variable is 2 - persistent fact not yet applicable, storing for later
id_q 13 variable is 3 - applying additional context for persistent fact
    added context: (5, 13): val 1, 
id_q 14 variable is 3 - persistent fact not yet applicable, storing for later

Applying the action itself: added (5, 5): val 1, 

Action 2 has k as precondition. Unsat was 1 and decremented to 0, so we apply the action

id_q 0 variable is 4 - persistent fact not yet applicable, storing for later
id_q 1 variable is 4 - applying additional context for persistent fact
    added context: (7, 1): val 1, 
id_q 2 variable is 4 - persistent fact not yet applicable, storing for later
id_q 3 variable is 4 - persistent fact not yet applicable, storing for later
id_q 4 variable is 4 - persistent fact not yet applicable, storing for later
id_q 5 variable is 1 - mutex optimisation triggered
id_q 6 variable is 1 - mutex optimisation triggered
id_q 7 variable is 1 - mutex optimisation triggered
id_q 8 variable is 0 - persistent fact not yet applicable, storing for later
id_q 9 variable is 0 - applying additional context for persistent fact
    added context: (7, 9): val 1, 
id_q 10 variable is 0 - persistent fact not yet applicable, storing for later
id_q 11 variable is 2 - applying additional context for persistent fact
    added context: (7, 11): val 1, 
id_q 12 variable is 2 - persistent fact not yet applicable, storing for later
id_q 13 variable is 3 - applying additional context for persistent fact
    added context: (7, 13): val 1, 
id_q 14 variable is 3 - persistent fact not yet applicable, storing for later

Applying the action itself: added (7, 7): val 1, 

Action 9 has k as precondition. Unsat was 3 and decremented to 2

Action 15 has k as precondition. Unsat was 1 and decremented to 0, so we apply the action

id_q 0 variable is 4 - mutex optimisation triggered
id_q 1 variable is 4 - mutex optimisation triggered
id_q 2 variable is 4 - mutex optimisation triggered
id_q 3 variable is 4 - mutex optimisation triggered
id_q 4 variable is 4 - mutex optimisation triggered
id_q 5 variable is 1 - mutex with precondition
id_q 6 variable is 1 - applying additional context for prevail fact
    added context: (3, 6): val 1, (12, 6): val 1, 
id_q 7 variable is 1 - mutex with precondition
id_q 8 variable is 0 - persistent fact not yet applicable, storing for later
id_q 9 variable is 0 - applying additional context for persistent fact
    added context: (3, 9): val 1, (12, 9): val 1, 
id_q 10 variable is 0 - persistent fact not yet applicable, storing for later
id_q 11 variable is 2 - mutex optimisation triggered
id_q 12 variable is 2 - mutex optimisation triggered
id_q 13 variable is 3 - applying additional context for persistent fact
    added context: (3, 13): val 1, (12, 13): val 1, 
id_q 14 variable is 3 - persistent fact not yet applicable, storing for later

Applying the action itself: added (3, 3): val 1, (3, 12): val 1, (12, 12): val 1, 

Action 20 has k as precondition. Unsat was 6 and decremented to 5

--------------------------------
ITERATION 11: Length of C: 24
Popped element k with id 40 and h-value of 0. k is a pair of facts (1,9)

Action 18 has k as precondition. Unsat was 3 and decremented to 2

--------------------------------
ITERATION 12: Length of C: 23
Popped element k with id 128 and h-value of 0. k is a pair of facts (9,13)

Action 18 has k as precondition. Unsat was 2 and decremented to 1

--------------------------------
ITERATION 13: Length of C: 22
Popped element k with id 126 and h-value of 0. k is a pair of facts (9,11)

--------------------------------
ITERATION 14: Length of C: 21
Popped element k with id 100 and h-value of 0. k is a pair of facts (6,9)

--------------------------------
ITERATION 15: Length of C: 20
Popped element k with id 9 and h-value of 0. k is a singleton fact.

Action 5 has k as precondition. Unsat was 1 and decremented to 0, so we apply the action

id_q 0 variable is 4 - persistent fact not yet applicable, storing for later
id_q 1 variable is 4 - applying additional context for persistent fact
    added context: (8, 1): val 1, 
id_q 2 variable is 4 - persistent fact not yet applicable, storing for later
id_q 3 variable is 4 - applying additional context for persistent fact
    added context: (8, 3): val 1, 
id_q 4 variable is 4 - persistent fact not yet applicable, storing for later
id_q 5 variable is 1 - applying additional context for persistent fact
    added context: (8, 5): val 1, 
id_q 6 variable is 1 - applying additional context for persistent fact
    added context: (8, 6): val 1, 
id_q 7 variable is 1 - applying additional context for persistent fact
    added context: (8, 7): val 1, 
id_q 8 variable is 0 - mutex optimisation triggered
id_q 9 variable is 0 - mutex optimisation triggered
id_q 10 variable is 0 - mutex optimisation triggered
id_q 11 variable is 2 - applying additional context for persistent fact
    added context: (8, 11): val 1, 
id_q 12 variable is 2 - applying additional context for persistent fact
    added context: (8, 12): val 1, 
id_q 13 variable is 3 - applying additional context for persistent fact
    added context: (8, 13): val 1, 
id_q 14 variable is 3 - persistent fact not yet applicable, storing for later

Applying the action itself: added (8, 8): val 1, 

Action 6 has k as precondition. Unsat was 1 and decremented to 0, so we apply the action

id_q 0 variable is 4 - persistent fact not yet applicable, storing for later
id_q 1 variable is 4 - applying additional context for persistent fact
    added context: (10, 1): val 1, 
id_q 2 variable is 4 - persistent fact not yet applicable, storing for later
id_q 3 variable is 4 - applying additional context for persistent fact
    added context: (10, 3): val 1, 
id_q 4 variable is 4 - persistent fact not yet applicable, storing for later
id_q 5 variable is 1 - applying additional context for persistent fact
    added context: (10, 5): val 1, 
id_q 6 variable is 1 - applying additional context for persistent fact
    added context: (10, 6): val 1, 
id_q 7 variable is 1 - applying additional context for persistent fact
    added context: (10, 7): val 1, 
id_q 8 variable is 0 - mutex optimisation triggered
id_q 9 variable is 0 - mutex optimisation triggered
id_q 10 variable is 0 - mutex optimisation triggered
id_q 11 variable is 2 - applying additional context for persistent fact
    added context: (10, 11): val 1, 
id_q 12 variable is 2 - applying additional context for persistent fact
    added context: (10, 12): val 1, 
id_q 13 variable is 3 - applying additional context for persistent fact
    added context: (10, 13): val 1, 
id_q 14 variable is 3 - persistent fact not yet applicable, storing for later

Applying the action itself: added (10, 10): val 1, 

Action 12 has k as precondition. Unsat was 3 and decremented to 2

Action 18 has k as precondition. Unsat was 1 and decremented to 0, so we apply the action

id_q 0 variable is 4 - mutex optimisation triggered
id_q 1 variable is 4 - mutex optimisation triggered
id_q 2 variable is 4 - mutex optimisation triggered
id_q 3 variable is 4 - mutex optimisation triggered
id_q 4 variable is 4 - mutex optimisation triggered
id_q 5 variable is 1 - applying additional context for persistent fact
    added context: (4, 5): val 1, (14, 5): val 1, 
id_q 6 variable is 1 - applying additional context for persistent fact
    added context: (4, 6): val 1, (14, 6): val 1, 
id_q 7 variable is 1 - applying additional context for persistent fact
    added context: (4, 7): val 1, (14, 7): val 1, 
id_q 8 variable is 0 - mutex with precondition
id_q 9 variable is 0 - applying additional context for prevail fact
    added context: (4, 9): val 1, (14, 9): val 1, 
id_q 10 variable is 0 - mutex with precondition
id_q 11 variable is 2 - applying additional context for persistent fact
    added context: (4, 11): val 1, (14, 11): val 1, 
id_q 12 variable is 2 - persistent fact not yet applicable, storing for later
id_q 13 variable is 3 - mutex optimisation triggered
id_q 14 variable is 3 - mutex optimisation triggered

Applying the action itself: added (4, 4): val 1, (4, 14): val 1, (14, 14): val 1, 

--------------------------------
ITERATION 16: Length of C: 50
Popped element k with id 14 and h-value of 1. k is a singleton fact.

Persistent fact found for k=14! Applying additional context.
    added context: 
Persistent fact found for k=14! Applying additional context.
    added context: 
Persistent fact found for k=14! Applying additional context.
    added context: (8, 14): val 2, 
Persistent fact found for k=14! Applying additional context.
    added context: (10, 14): val 2, 
--------------------------------
ITERATION 17: Length of C: 51
Popped element k with id 84 and h-value of 1. k is a pair of facts (4,14)

Persistent fact found for f=4! Applying additional context.
    added context: 
Persistent fact found for f=4! Applying additional context.
    added context: 
Persistent fact found for f=4! Applying additional context.
    added context: (8, 4): val 2, 
Persistent fact found for f=4! Applying additional context.
    added context: (10, 4): val 2, 
--------------------------------
ITERATION 18: Length of C: 52
Popped element k with id 4 and h-value of 1. k is a singleton fact.

Action 11 has k as precondition. Unsat was 3 and decremented to 2

Action 12 has k as precondition. Unsat was 2 and decremented to 1

Action 13 has k as precondition. Unsat was 3 and decremented to 2

--------------------------------
ITERATION 19: Length of C: 51
Popped element k with id 140 and h-value of 1. k is a pair of facts (11,14)

--------------------------------
ITERATION 20: Length of C: 50
Popped element k with id 81 and h-value of 1. k is a pair of facts (4,11)

--------------------------------
ITERATION 21: Length of C: 49
Popped element k with id 129 and h-value of 1. k is a pair of facts (9,14)

--------------------------------
ITERATION 22: Length of C: 48
Popped element k with id 79 and h-value of 1. k is a pair of facts (4,9)

Action 12 has k as precondition. Unsat was 1 and decremented to 0, so we apply the action

id_q 0 variable is 4 - mutex optimisation triggered
id_q 1 variable is 4 - mutex optimisation triggered
id_q 2 variable is 4 - mutex optimisation triggered
id_q 3 variable is 4 - mutex optimisation triggered
id_q 4 variable is 4 - mutex optimisation triggered
id_q 5 variable is 1 - applying additional context for persistent fact
    added context: 
id_q 6 variable is 1 - applying additional context for persistent fact
    added context: 
id_q 7 variable is 1 - applying additional context for persistent fact
    added context: 
id_q 8 variable is 0 - mutex with precondition
id_q 9 variable is 0 - applying additional context for prevail fact
    added context: 
id_q 10 variable is 0 - mutex with precondition
id_q 11 variable is 2 - applying additional context for persistent fact
    added context: 
id_q 12 variable is 2 - persistent fact not yet applicable, storing for later
id_q 13 variable is 3 - mutex optimisation triggered
id_q 14 variable is 3 - mutex optimisation triggered

Applying the action itself: added 

--------------------------------
ITERATION 23: Length of C: 47
Popped element k with id 114 and h-value of 1. k is a pair of facts (7,14)

--------------------------------
ITERATION 24: Length of C: 46
Popped element k with id 77 and h-value of 1. k is a pair of facts (4,7)

--------------------------------
ITERATION 25: Length of C: 45
Popped element k with id 105 and h-value of 1. k is a pair of facts (6,14)

--------------------------------
ITERATION 26: Length of C: 44
Popped element k with id 76 and h-value of 1. k is a pair of facts (4,6)

--------------------------------
ITERATION 27: Length of C: 43
Popped element k with id 95 and h-value of 1. k is a pair of facts (5,14)

--------------------------------
ITERATION 28: Length of C: 42
Popped element k with id 75 and h-value of 1. k is a pair of facts (4,5)

--------------------------------
ITERATION 29: Length of C: 41
Popped element k with id 10 and h-value of 1. k is a singleton fact.

Action 7 has k as precondition. Unsat was 1 and decremented to 0, so we apply the action

id_q 0 variable is 4 - persistent fact not yet applicable, storing for later
id_q 1 variable is 4 - applying additional context for persistent fact
    added context: 
id_q 2 variable is 4 - persistent fact not yet applicable, storing for later
id_q 3 variable is 4 - applying additional context for persistent fact
    added context: 
id_q 4 variable is 4 - applying additional context for persistent fact
    added context: 
id_q 5 variable is 1 - applying additional context for persistent fact
    added context: 
id_q 6 variable is 1 - applying additional context for persistent fact
    added context: 
id_q 7 variable is 1 - applying additional context for persistent fact
    added context: 
id_q 8 variable is 0 - mutex optimisation triggered
id_q 9 variable is 0 - mutex optimisation triggered
id_q 10 variable is 0 - mutex optimisation triggered
id_q 11 variable is 2 - applying additional context for persistent fact
    added context: 
id_q 12 variable is 2 - applying additional context for persistent fact
    added context: 
id_q 13 variable is 3 - applying additional context for persistent fact
    added context: 
id_q 14 variable is 3 - applying additional context for persistent fact
    added context: 

Applying the action itself: added 

Action 13 has k as precondition. Unsat was 2 and decremented to 1

Action 19 has k as precondition. Unsat was 5 and decremented to 4

Action 20 has k as precondition. Unsat was 5 and decremented to 4

Persistent fact found for k=10! Applying additional context.
    added context: 
Persistent fact found for k=10! Applying additional context.
    added context: 
Persistent fact found for k=10! Applying additional context.
    added context: 
--------------------------------
ITERATION 30: Length of C: 40
Popped element k with id 134 and h-value of 1. k is a pair of facts (10,13)

Action 19 has k as precondition. Unsat was 4 and decremented to 3

--------------------------------
ITERATION 31: Length of C: 39
Popped element k with id 133 and h-value of 1. k is a pair of facts (10,12)

Persistent fact found for q=12! Applying additional context.
    added context: (5, 12): val 2, 
Persistent fact found for q=12! Applying additional context.
    added context: (7, 12): val 2, 
--------------------------------
ITERATION 32: Length of C: 40
Popped element k with id 132 and h-value of 1. k is a pair of facts (10,11)

--------------------------------
ITERATION 33: Length of C: 39
Popped element k with id 110 and h-value of 1. k is a pair of facts (7,10)

--------------------------------
ITERATION 34: Length of C: 38
Popped element k with id 101 and h-value of 1. k is a pair of facts (6,10)

Action 20 has k as precondition. Unsat was 4 and decremented to 3

--------------------------------
ITERATION 35: Length of C: 37
Popped element k with id 91 and h-value of 1. k is a pair of facts (5,10)

--------------------------------
ITERATION 36: Length of C: 36
Popped element k with id 68 and h-value of 1. k is a pair of facts (3,10)

Persistent fact found for f=3! Applying additional context.
    added context: (5, 3): val 2, 
Persistent fact found for f=3! Applying additional context.
    added context: (7, 3): val 2, 
--------------------------------
ITERATION 37: Length of C: 37
Popped element k with id 41 and h-value of 1. k is a pair of facts (1,10)

--------------------------------
ITERATION 38: Length of C: 36
Popped element k with id 8 and h-value of 1. k is a singleton fact.

Action 4 has k as precondition. Unsat was 1 and decremented to 0, so we apply the action

id_q 0 variable is 4 - persistent fact not yet applicable, storing for later
id_q 1 variable is 4 - applying additional context for persistent fact
    added context: 
id_q 2 variable is 4 - persistent fact not yet applicable, storing for later
id_q 3 variable is 4 - applying additional context for persistent fact
    added context: 
id_q 4 variable is 4 - applying additional context for persistent fact
    added context: 
id_q 5 variable is 1 - applying additional context for persistent fact
    added context: 
id_q 6 variable is 1 - applying additional context for persistent fact
    added context: 
id_q 7 variable is 1 - applying additional context for persistent fact
    added context: 
id_q 8 variable is 0 - mutex optimisation triggered
id_q 9 variable is 0 - mutex optimisation triggered
id_q 10 variable is 0 - mutex optimisation triggered
id_q 11 variable is 2 - applying additional context for persistent fact
    added context: 
id_q 12 variable is 2 - applying additional context for persistent fact
    added context: 
id_q 13 variable is 3 - applying additional context for persistent fact
    added context: 
id_q 14 variable is 3 - applying additional context for persistent fact
    added context: 

Applying the action itself: added 

Action 11 has k as precondition. Unsat was 2 and decremented to 1

Action 17 has k as precondition. Unsat was 5 and decremented to 4

Persistent fact found for k=8! Applying additional context.
    added context: 
Persistent fact found for k=8! Applying additional context.
    added context: 
Persistent fact found for k=8! Applying additional context.
    added context: 
--------------------------------
ITERATION 39: Length of C: 35
Popped element k with id 121 and h-value of 1. k is a pair of facts (8,13)

Action 17 has k as precondition. Unsat was 4 and decremented to 3

--------------------------------
ITERATION 40: Length of C: 34
Popped element k with id 120 and h-value of 1. k is a pair of facts (8,12)

--------------------------------
ITERATION 41: Length of C: 33
Popped element k with id 119 and h-value of 1. k is a pair of facts (8,11)

--------------------------------
ITERATION 42: Length of C: 32
Popped element k with id 108 and h-value of 1. k is a pair of facts (7,8)

--------------------------------
ITERATION 43: Length of C: 31
Popped element k with id 99 and h-value of 1. k is a pair of facts (6,8)

--------------------------------
ITERATION 44: Length of C: 30
Popped element k with id 89 and h-value of 1. k is a pair of facts (5,8)

--------------------------------
ITERATION 45: Length of C: 29
Popped element k with id 66 and h-value of 1. k is a pair of facts (3,8)

--------------------------------
ITERATION 46: Length of C: 28
Popped element k with id 39 and h-value of 1. k is a pair of facts (1,8)

--------------------------------
ITERATION 47: Length of C: 27
Popped element k with id 12 and h-value of 1. k is a singleton fact.

--------------------------------
ITERATION 48: Length of C: 26
Popped element k with id 70 and h-value of 1. k is a pair of facts (3,12)

--------------------------------
ITERATION 49: Length of C: 25
Popped element k with id 3 and h-value of 1. k is a singleton fact.

Action 8 has k as precondition. Unsat was 3 and decremented to 2

Action 9 has k as precondition. Unsat was 2 and decremented to 1

Action 10 has k as precondition. Unsat was 3 and decremented to 2

--------------------------------
ITERATION 50: Length of C: 24
Popped element k with id 143 and h-value of 1. k is a pair of facts (12,13)

--------------------------------
ITERATION 51: Length of C: 23
Popped element k with id 71 and h-value of 1. k is a pair of facts (3,13)

--------------------------------
ITERATION 52: Length of C: 22
Popped element k with id 127 and h-value of 1. k is a pair of facts (9,12)

--------------------------------
ITERATION 53: Length of C: 21
Popped element k with id 67 and h-value of 1. k is a pair of facts (3,9)

--------------------------------
ITERATION 54: Length of C: 20
Popped element k with id 103 and h-value of 1. k is a pair of facts (6,12)

--------------------------------
ITERATION 55: Length of C: 19
Popped element k with id 64 and h-value of 1. k is a pair of facts (3,6)

Action 9 has k as precondition. Unsat was 1 and decremented to 0, so we apply the action

id_q 0 variable is 4 - mutex optimisation triggered
id_q 1 variable is 4 - mutex optimisation triggered
id_q 2 variable is 4 - mutex optimisation triggered
id_q 3 variable is 4 - mutex optimisation triggered
id_q 4 variable is 4 - mutex optimisation triggered
id_q 5 variable is 1 - mutex with precondition
id_q 6 variable is 1 - applying additional context for prevail fact
    added context: 
id_q 7 variable is 1 - mutex with precondition
id_q 8 variable is 0 - applying additional context for persistent fact
    added context: 
id_q 9 variable is 0 - applying additional context for persistent fact
    added context: 
id_q 10 variable is 0 - applying additional context for persistent fact
    added context: 
id_q 11 variable is 2 - mutex optimisation triggered
id_q 12 variable is 2 - mutex optimisation triggered
id_q 13 variable is 3 - applying additional context for persistent fact
    added context: 
id_q 14 variable is 3 - persistent fact not yet applicable, storing for later

Applying the action itself: added 

--------------------------------
ITERATION 56: Length of C: 18
Popped element k with id 7 and h-value of 1. k is a singleton fact.

Action 3 has k as precondition. Unsat was 1 and decremented to 0, so we apply the action

id_q 0 variable is 4 - persistent fact not yet applicable, storing for later
id_q 1 variable is 4 - applying additional context for persistent fact
    added context: 
id_q 2 variable is 4 - persistent fact not yet applicable, storing for later
id_q 3 variable is 4 - applying additional context for persistent fact
    added context: 
id_q 4 variable is 4 - applying additional context for persistent fact
    added context: 
id_q 5 variable is 1 - mutex optimisation triggered
id_q 6 variable is 1 - mutex optimisation triggered
id_q 7 variable is 1 - mutex optimisation triggered
id_q 8 variable is 0 - applying additional context for persistent fact
    added context: 
id_q 9 variable is 0 - applying additional context for persistent fact
    added context: 
id_q 10 variable is 0 - applying additional context for persistent fact
    added context: 
id_q 11 variable is 2 - applying additional context for persistent fact
    added context: 
id_q 12 variable is 2 - applying additional context for persistent fact
    added context: 
id_q 13 variable is 3 - applying additional context for persistent fact
    added context: 
id_q 14 variable is 3 - applying additional context for persistent fact
    added context: 

Applying the action itself: added 

Action 10 has k as precondition. Unsat was 2 and decremented to 1

Action 16 has k as precondition. Unsat was 5 and decremented to 4

--------------------------------
ITERATION 57: Length of C: 17
Popped element k with id 113 and h-value of 1. k is a pair of facts (7,13)

--------------------------------
ITERATION 58: Length of C: 16
Popped element k with id 111 and h-value of 1. k is a pair of facts (7,11)

Action 16 has k as precondition. Unsat was 4 and decremented to 3

--------------------------------
ITERATION 59: Length of C: 15
Popped element k with id 109 and h-value of 1. k is a pair of facts (7,9)

--------------------------------
ITERATION 60: Length of C: 14
Popped element k with id 38 and h-value of 1. k is a pair of facts (1,7)

--------------------------------
ITERATION 61: Length of C: 13
Popped element k with id 5 and h-value of 1. k is a singleton fact.

Action 0 has k as precondition. Unsat was 1 and decremented to 0, so we apply the action

id_q 0 variable is 4 - persistent fact not yet applicable, storing for later
id_q 1 variable is 4 - applying additional context for persistent fact
    added context: 
id_q 2 variable is 4 - persistent fact not yet applicable, storing for later
id_q 3 variable is 4 - applying additional context for persistent fact
    added context: 
id_q 4 variable is 4 - applying additional context for persistent fact
    added context: 
id_q 5 variable is 1 - mutex optimisation triggered
id_q 6 variable is 1 - mutex optimisation triggered
id_q 7 variable is 1 - mutex optimisation triggered
id_q 8 variable is 0 - applying additional context for persistent fact
    added context: 
id_q 9 variable is 0 - applying additional context for persistent fact
    added context: 
id_q 10 variable is 0 - applying additional context for persistent fact
    added context: 
id_q 11 variable is 2 - applying additional context for persistent fact
    added context: 
id_q 12 variable is 2 - applying additional context for persistent fact
    added context: 
id_q 13 variable is 3 - applying additional context for persistent fact
    added context: 
id_q 14 variable is 3 - applying additional context for persistent fact
    added context: 

Applying the action itself: added 

Action 8 has k as precondition. Unsat was 2 and decremented to 1

Action 14 has k as precondition. Unsat was 5 and decremented to 4

--------------------------------
ITERATION 62: Length of C: 12
Popped element k with id 94 and h-value of 1. k is a pair of facts (5,13)

--------------------------------
ITERATION 63: Length of C: 11
Popped element k with id 92 and h-value of 1. k is a pair of facts (5,11)

Action 14 has k as precondition. Unsat was 4 and decremented to 3

--------------------------------
ITERATION 64: Length of C: 10
Popped element k with id 90 and h-value of 1. k is a pair of facts (5,9)

--------------------------------
ITERATION 65: Length of C: 9
Popped element k with id 36 and h-value of 1. k is a pair of facts (1,5)

--------------------------------
ITERATION 66: Length of C: 8
Popped element k with id 65 and h-value of 2. k is a pair of facts (3,7)

Action 10 has k as precondition. Unsat was 1 and decremented to 0, so we apply the action

id_q 0 variable is 4 - mutex optimisation triggered
id_q 1 variable is 4 - mutex optimisation triggered
id_q 2 variable is 4 - mutex optimisation triggered
id_q 3 variable is 4 - mutex optimisation triggered
id_q 4 variable is 4 - mutex optimisation triggered
id_q 5 variable is 1 - mutex with precondition
id_q 6 variable is 1 - mutex with precondition
id_q 7 variable is 1 - applying additional context for prevail fact
    added context: (2, 7): val 3, 
id_q 8 variable is 0 - applying additional context for persistent fact
    added context: (2, 8): val 3, 
id_q 9 variable is 0 - applying additional context for persistent fact
    added context: (2, 9): val 3, 
id_q 10 variable is 0 - applying additional context for persistent fact
    added context: (2, 10): val 3, 
id_q 11 variable is 2 - mutex optimisation triggered
id_q 12 variable is 2 - mutex optimisation triggered
id_q 13 variable is 3 - applying additional context for persistent fact
    added context: (2, 13): val 3, 
id_q 14 variable is 3 - persistent fact not yet applicable, storing for later

Applying the action itself: added (2, 2): val 3, (2, 11): val 3, 

--------------------------------
ITERATION 67: Length of C: 14
Popped element k with id 63 and h-value of 2. k is a pair of facts (3,5)

Action 8 has k as precondition. Unsat was 1 and decremented to 0, so we apply the action

id_q 0 variable is 4 - mutex optimisation triggered
id_q 1 variable is 4 - mutex optimisation triggered
id_q 2 variable is 4 - mutex optimisation triggered
id_q 3 variable is 4 - mutex optimisation triggered
id_q 4 variable is 4 - mutex optimisation triggered
id_q 5 variable is 1 - applying additional context for prevail fact
    added context: (0, 5): val 3, 
id_q 6 variable is 1 - mutex with precondition
id_q 7 variable is 1 - mutex with precondition
id_q 8 variable is 0 - applying additional context for persistent fact
    added context: (0, 8): val 3, 
id_q 9 variable is 0 - applying additional context for persistent fact
    added context: (0, 9): val 3, 
id_q 10 variable is 0 - applying additional context for persistent fact
    added context: (0, 10): val 3, 
id_q 11 variable is 2 - mutex optimisation triggered
id_q 12 variable is 2 - mutex optimisation triggered
id_q 13 variable is 3 - applying additional context for persistent fact
    added context: (0, 13): val 3, 
id_q 14 variable is 3 - persistent fact not yet applicable, storing for later

Applying the action itself: added (0, 0): val 3, (0, 11): val 3, 

--------------------------------
ITERATION 68: Length of C: 20
Popped element k with id 112 and h-value of 2. k is a pair of facts (7,12)

--------------------------------
ITERATION 69: Length of C: 19
Popped element k with id 93 and h-value of 2. k is a pair of facts (5,12)

--------------------------------
ITERATION 70: Length of C: 18
Popped element k with id 80 and h-value of 2. k is a pair of facts (4,10)

Action 13 has k as precondition. Unsat was 1 and decremented to 0, so we apply the action

id_q 0 variable is 4 - mutex optimisation triggered
id_q 1 variable is 4 - mutex optimisation triggered
id_q 2 variable is 4 - mutex optimisation triggered
id_q 3 variable is 4 - mutex optimisation triggered
id_q 4 variable is 4 - mutex optimisation triggered
id_q 5 variable is 1 - applying additional context for persistent fact
    added context: (2, 5): val 3, 
id_q 6 variable is 1 - applying additional context for persistent fact
    added context: (2, 6): val 3, 
id_q 7 variable is 1 - applying additional context for persistent fact
    added context: 
id_q 8 variable is 0 - mutex with precondition
id_q 9 variable is 0 - mutex with precondition
id_q 10 variable is 0 - applying additional context for prevail fact
    added context: 
id_q 11 variable is 2 - applying additional context for persistent fact
    added context: 
id_q 12 variable is 2 - persistent fact not yet applicable, storing for later
id_q 13 variable is 3 - mutex optimisation triggered
id_q 14 variable is 3 - mutex optimisation triggered

Applying the action itself: added 

--------------------------------
ITERATION 71: Length of C: 19
Popped element k with id 78 and h-value of 2. k is a pair of facts (4,8)

Action 11 has k as precondition. Unsat was 1 and decremented to 0, so we apply the action

id_q 0 variable is 4 - mutex optimisation triggered
id_q 1 variable is 4 - mutex optimisation triggered
id_q 2 variable is 4 - mutex optimisation triggered
id_q 3 variable is 4 - mutex optimisation triggered
id_q 4 variable is 4 - mutex optimisation triggered
id_q 5 variable is 1 - applying additional context for persistent fact
    added context: 
id_q 6 variable is 1 - applying additional context for persistent fact
    added context: (0, 6): val 3, 
id_q 7 variable is 1 - applying additional context for persistent fact
    added context: (0, 7): val 3, 
id_q 8 variable is 0 - applying additional context for prevail fact
    added context: 
id_q 9 variable is 0 - mutex with precondition
id_q 10 variable is 0 - mutex with precondition
id_q 11 variable is 2 - applying additional context for persistent fact
    added context: 
id_q 12 variable is 2 - persistent fact not yet applicable, storing for later
id_q 13 variable is 3 - mutex optimisation triggered
id_q 14 variable is 3 - mutex optimisation triggered

Applying the action itself: added 

--------------------------------
ITERATION 72: Length of C: 20
Popped element k with id 135 and h-value of 2. k is a pair of facts (10,14)

--------------------------------
ITERATION 73: Length of C: 19
Popped element k with id 122 and h-value of 2. k is a pair of facts (8,14)

--------------------------------
ITERATION 74: Length of C: 18
Popped element k with id 23 and h-value of 3. k is a pair of facts (0,7)

Persistent fact found for f=0! Applying additional context.
    added context: 
Persistent fact found for f=0! Applying additional context.
    added context: 
Persistent fact found for f=0! Applying additional context.
    added context: 
Persistent fact found for f=0! Applying additional context.
    added context: 
Persistent fact found for f=0! Applying additional context.
    added context: 
Persistent fact found for f=0! Applying additional context.
    added context: 
Persistent fact found for f=0! Applying additional context.
    added context: 
Persistent fact found for f=0! Applying additional context.
    added context: 
--------------------------------
ITERATION 75: Length of C: 17
Popped element k with id 22 and h-value of 3. k is a pair of facts (0,6)

--------------------------------
ITERATION 76: Length of C: 16
Popped element k with id 51 and h-value of 3. k is a pair of facts (2,6)

Action 20 has k as precondition. Unsat was 3 and decremented to 2

Persistent fact found for f=2! Applying additional context.
    added context: 
Persistent fact found for f=2! Applying additional context.
    added context: 
Persistent fact found for f=2! Applying additional context.
    added context: 
Persistent fact found for f=2! Applying additional context.
    added context: 
Persistent fact found for f=2! Applying additional context.
    added context: 
Persistent fact found for f=2! Applying additional context.
    added context: 
Persistent fact found for f=2! Applying additional context.
    added context: 
Persistent fact found for f=2! Applying additional context.
    added context: 
--------------------------------
ITERATION 77: Length of C: 15
Popped element k with id 50 and h-value of 3. k is a pair of facts (2,5)

--------------------------------
ITERATION 78: Length of C: 14
Popped element k with id 27 and h-value of 3. k is a pair of facts (0,11)

Action 14 has k as precondition. Unsat was 3 and decremented to 2

--------------------------------
ITERATION 79: Length of C: 13
Popped element k with id 0 and h-value of 3. k is a singleton fact.

Action 14 has k as precondition. Unsat was 2 and decremented to 1

Action 17 has k as precondition. Unsat was 3 and decremented to 2

--------------------------------
ITERATION 80: Length of C: 12
Popped element k with id 29 and h-value of 3. k is a pair of facts (0,13)

Action 17 has k as precondition. Unsat was 2 and decremented to 1

--------------------------------
ITERATION 81: Length of C: 11
Popped element k with id 26 and h-value of 3. k is a pair of facts (0,10)

--------------------------------
ITERATION 82: Length of C: 10
Popped element k with id 25 and h-value of 3. k is a pair of facts (0,9)

--------------------------------
ITERATION 83: Length of C: 9
Popped element k with id 24 and h-value of 3. k is a pair of facts (0,8)

Action 17 has k as precondition. Unsat was 1 and decremented to 0, so we apply the action

id_q 0 variable is 4 - mutex optimisation triggered
id_q 1 variable is 4 - mutex optimisation triggered
id_q 2 variable is 4 - mutex optimisation triggered
id_q 3 variable is 4 - mutex optimisation triggered
id_q 4 variable is 4 - mutex optimisation triggered
id_q 5 variable is 1 - applying additional context for persistent fact
    added context: 
id_q 6 variable is 1 - applying additional context for persistent fact
    added context: 
id_q 7 variable is 1 - applying additional context for persistent fact
    added context: 
id_q 8 variable is 0 - applying additional context for prevail fact
    added context: 
id_q 9 variable is 0 - mutex with precondition
id_q 10 variable is 0 - mutex with precondition
id_q 11 variable is 2 - applying additional context for persistent fact
    added context: 
id_q 12 variable is 2 - persistent fact not yet applicable, storing for later
id_q 13 variable is 3 - mutex optimisation triggered
id_q 14 variable is 3 - mutex optimisation triggered

Applying the action itself: added 

--------------------------------
ITERATION 84: Length of C: 8
Popped element k with id 21 and h-value of 3. k is a pair of facts (0,5)

Action 14 has k as precondition. Unsat was 1 and decremented to 0, so we apply the action

id_q 0 variable is 4 - mutex optimisation triggered
id_q 1 variable is 4 - mutex optimisation triggered
id_q 2 variable is 4 - mutex optimisation triggered
id_q 3 variable is 4 - mutex optimisation triggered
id_q 4 variable is 4 - mutex optimisation triggered
id_q 5 variable is 1 - applying additional context for prevail fact
    added context: 
id_q 6 variable is 1 - mutex with precondition
id_q 7 variable is 1 - mutex with precondition
id_q 8 variable is 0 - applying additional context for persistent fact
    added context: 
id_q 9 variable is 0 - applying additional context for persistent fact
    added context: 
id_q 10 variable is 0 - applying additional context for persistent fact
    added context: 
id_q 11 variable is 2 - mutex optimisation triggered
id_q 12 variable is 2 - mutex optimisation triggered
id_q 13 variable is 3 - applying additional context for persistent fact
    added context: 
id_q 14 variable is 3 - persistent fact not yet applicable, storing for later

Applying the action itself: added 

--------------------------------
ITERATION 85: Length of C: 7
Popped element k with id 56 and h-value of 3. k is a pair of facts (2,11)

Action 16 has k as precondition. Unsat was 3 and decremented to 2

--------------------------------
ITERATION 86: Length of C: 6
Popped element k with id 2 and h-value of 3. k is a singleton fact.

Action 16 has k as precondition. Unsat was 2 and decremented to 1

Action 19 has k as precondition. Unsat was 3 and decremented to 2

Action 20 has k as precondition. Unsat was 2 and decremented to 1

--------------------------------
ITERATION 87: Length of C: 5
Popped element k with id 58 and h-value of 3. k is a pair of facts (2,13)

Action 19 has k as precondition. Unsat was 2 and decremented to 1

--------------------------------
ITERATION 88: Length of C: 4
Popped element k with id 55 and h-value of 3. k is a pair of facts (2,10)

Action 19 has k as precondition. Unsat was 1 and decremented to 0, so we apply the action

id_q 0 variable is 4 - mutex optimisation triggered
id_q 1 variable is 4 - mutex optimisation triggered
id_q 2 variable is 4 - mutex optimisation triggered
id_q 3 variable is 4 - mutex optimisation triggered
id_q 4 variable is 4 - mutex optimisation triggered
id_q 5 variable is 1 - applying additional context for persistent fact
    added context: 
id_q 6 variable is 1 - applying additional context for persistent fact
    added context: 
id_q 7 variable is 1 - applying additional context for persistent fact
    added context: 
id_q 8 variable is 0 - mutex with precondition
id_q 9 variable is 0 - mutex with precondition
id_q 10 variable is 0 - applying additional context for prevail fact
    added context: 
id_q 11 variable is 2 - applying additional context for persistent fact
    added context: 
id_q 12 variable is 2 - persistent fact not yet applicable, storing for later
id_q 13 variable is 3 - mutex optimisation triggered
id_q 14 variable is 3 - mutex optimisation triggered

Applying the action itself: added 

Action 20 has k as precondition. Unsat was 1 and decremented to 0, so we apply the action

op_goal, so we add fact_goal to the queue

--------------------------------
ITERATION 89: Length of C: 4
Popped element k with id 15 and h-value of 3.

Found goal! k = 15
Returning heuristic value: 3



STARTING HEURISTIC COMPUTATION:

--------------------------------
ITERATION 0: Length of C: 16
Popped element k with id 16 and h-value of 0. k is a singleton fact.

--------------------------------
ITERATION 1: Length of C: 15
Popped element k with id 1 and h-value of 0. k is a singleton fact.

Action 15 has k as precondition. Unsat was 6 and decremented to 5

Action 18 has k as precondition. Unsat was 6 and decremented to 5

--------------------------------
ITERATION 2: Length of C: 14
Popped element k with id 44 and h-value of 0. k is a pair of facts (1,13)

Action 18 has k as precondition. Unsat was 5 and decremented to 4

--------------------------------
ITERATION 3: Length of C: 13
Popped element k with id 13 and h-value of 0. k is a singleton fact.

Action 17 has k as precondition. Unsat was 6 and decremented to 5

Action 18 has k as precondition. Unsat was 4 and decremented to 3

Action 19 has k as precondition. Unsat was 6 and decremented to 5

--------------------------------
ITERATION 4: Length of C: 12
Popped element k with id 42 and h-value of 0. k is a pair of facts (1,11)

Action 15 has k as precondition. Unsat was 5 and decremented to 4

--------------------------------
ITERATION 5: Length of C: 11
Popped element k with id 139 and h-value of 0. k is a pair of facts (11,13)

--------------------------------
ITERATION 6: Length of C: 10
Popped element k with id 11 and h-value of 0. k is a singleton fact.

Action 14 has k as precondition. Unsat was 6 and decremented to 5

Action 15 has k as precondition. Unsat was 4 and decremented to 3

Action 16 has k as precondition. Unsat was 6 and decremented to 5

--------------------------------
ITERATION 7: Length of C: 9
Popped element k with id 36 and h-value of 0. k is a pair of facts (1,5)

--------------------------------
ITERATION 8: Length of C: 8
Popped element k with id 94 and h-value of 0. k is a pair of facts (5,13)

--------------------------------
ITERATION 9: Length of C: 7
Popped element k with id 92 and h-value of 0. k is a pair of facts (5,11)

Action 14 has k as precondition. Unsat was 5 and decremented to 4

--------------------------------
ITERATION 10: Length of C: 6
Popped element k with id 5 and h-value of 0. k is a singleton fact.

Action 0 has k as precondition. Unsat was 1 and decremented to 0, so we apply the action

id_q 0 variable is 4 - persistent fact not yet applicable, storing for later
id_q 1 variable is 4 - applying additional context for persistent fact
    added context: (6, 1): val 1, 
id_q 2 variable is 4 - persistent fact not yet applicable, storing for later
id_q 3 variable is 4 - persistent fact not yet applicable, storing for later
id_q 4 variable is 4 - persistent fact not yet applicable, storing for later
id_q 5 variable is 1 - mutex optimisation triggered
id_q 6 variable is 1 - mutex optimisation triggered
id_q 7 variable is 1 - mutex optimisation triggered
id_q 8 variable is 0 - applying additional context for persistent fact
    added context: (6, 8): val 1, 
id_q 9 variable is 0 - persistent fact not yet applicable, storing for later
id_q 10 variable is 0 - persistent fact not yet applicable, storing for later
id_q 11 variable is 2 - applying additional context for persistent fact
    added context: (6, 11): val 1, 
id_q 12 variable is 2 - persistent fact not yet applicable, storing for later
id_q 13 variable is 3 - applying additional context for persistent fact
    added context: (6, 13): val 1, 
id_q 14 variable is 3 - persistent fact not yet applicable, storing for later

Applying the action itself: added (6, 6): val 1, 

Action 8 has k as precondition. Unsat was 3 and decremented to 2

Action 14 has k as precondition. Unsat was 4 and decremented to 3

--------------------------------
ITERATION 11: Length of C: 10
Popped element k with id 39 and h-value of 0. k is a pair of facts (1,8)

--------------------------------
ITERATION 12: Length of C: 9
Popped element k with id 121 and h-value of 0. k is a pair of facts (8,13)

Action 17 has k as precondition. Unsat was 5 and decremented to 4

--------------------------------
ITERATION 13: Length of C: 8
Popped element k with id 119 and h-value of 0. k is a pair of facts (8,11)

--------------------------------
ITERATION 14: Length of C: 7
Popped element k with id 89 and h-value of 0. k is a pair of facts (5,8)

--------------------------------
ITERATION 15: Length of C: 6
Popped element k with id 8 and h-value of 0. k is a singleton fact.

Action 4 has k as precondition. Unsat was 1 and decremented to 0, so we apply the action

id_q 0 variable is 4 - persistent fact not yet applicable, storing for later
id_q 1 variable is 4 - applying additional context for persistent fact
    added context: (9, 1): val 1, 
id_q 2 variable is 4 - persistent fact not yet applicable, storing for later
id_q 3 variable is 4 - persistent fact not yet applicable, storing for later
id_q 4 variable is 4 - persistent fact not yet applicable, storing for later
id_q 5 variable is 1 - applying additional context for persistent fact
    added context: (9, 5): val 1, 
id_q 6 variable is 1 - applying additional context for persistent fact
    added context: (9, 6): val 1, 
id_q 7 variable is 1 - persistent fact not yet applicable, storing for later
id_q 8 variable is 0 - mutex optimisation triggered
id_q 9 variable is 0 - mutex optimisation triggered
id_q 10 variable is 0 - mutex optimisation triggered
id_q 11 variable is 2 - applying additional context for persistent fact
    added context: (9, 11): val 1, 
id_q 12 variable is 2 - persistent fact not yet applicable, storing for later
id_q 13 variable is 3 - applying additional context for persistent fact
    added context: (9, 13): val 1, 
id_q 14 variable is 3 - persistent fact not yet applicable, storing for later

Applying the action itself: added (9, 9): val 1, 

Action 11 has k as precondition. Unsat was 3 and decremented to 2

Action 17 has k as precondition. Unsat was 4 and decremented to 3

--------------------------------
ITERATION 16: Length of C: 11
Popped element k with id 9 and h-value of 1. k is a singleton fact.

Action 5 has k as precondition. Unsat was 1 and decremented to 0, so we apply the action

id_q 0 variable is 4 - persistent fact not yet applicable, storing for later
id_q 1 variable is 4 - applying additional context for persistent fact
    added context: 
id_q 2 variable is 4 - persistent fact not yet applicable, storing for later
id_q 3 variable is 4 - persistent fact not yet applicable, storing for later
id_q 4 variable is 4 - persistent fact not yet applicable, storing for later
id_q 5 variable is 1 - applying additional context for persistent fact
    added context: 
id_q 6 variable is 1 - applying additional context for persistent fact
    added context: 
id_q 7 variable is 1 - persistent fact not yet applicable, storing for later
id_q 8 variable is 0 - mutex optimisation triggered
id_q 9 variable is 0 - mutex optimisation triggered
id_q 10 variable is 0 - mutex optimisation triggered
id_q 11 variable is 2 - applying additional context for persistent fact
    added context: 
id_q 12 variable is 2 - persistent fact not yet applicable, storing for later
id_q 13 variable is 3 - applying additional context for persistent fact
    added context: 
id_q 14 variable is 3 - persistent fact not yet applicable, storing for later

Applying the action itself: added 

Action 6 has k as precondition. Unsat was 1 and decremented to 0, so we apply the action

id_q 0 variable is 4 - persistent fact not yet applicable, storing for later
id_q 1 variable is 4 - applying additional context for persistent fact
    added context: (10, 1): val 2, 
id_q 2 variable is 4 - persistent fact not yet applicable, storing for later
id_q 3 variable is 4 - persistent fact not yet applicable, storing for later
id_q 4 variable is 4 - persistent fact not yet applicable, storing for later
id_q 5 variable is 1 - applying additional context for persistent fact
    added context: (10, 5): val 2, 
id_q 6 variable is 1 - applying additional context for persistent fact
    added context: (10, 6): val 2, 
id_q 7 variable is 1 - persistent fact not yet applicable, storing for later
id_q 8 variable is 0 - mutex optimisation triggered
id_q 9 variable is 0 - mutex optimisation triggered
id_q 10 variable is 0 - mutex optimisation triggered
id_q 11 variable is 2 - applying additional context for persistent fact
    added context: (10, 11): val 2, 
id_q 12 variable is 2 - persistent fact not yet applicable, storing for later
id_q 13 variable is 3 - applying additional context for persistent fact
    added context: (10, 13): val 2, 
id_q 14 variable is 3 - persistent fact not yet applicable, storing for later

Applying the action itself: added (10, 10): val 2, 

Action 12 has k as precondition. Unsat was 3 and decremented to 2

Action 18 has k as precondition. Unsat was 3 and decremented to 2

Persistent fact found for k=9! Applying additional context.
    added context: 
--------------------------------
ITERATION 17: Length of C: 16
Popped element k with id 128 and h-value of 1. k is a pair of facts (9,13)

Action 18 has k as precondition. Unsat was 2 and decremented to 1

--------------------------------
ITERATION 18: Length of C: 15
Popped element k with id 126 and h-value of 1. k is a pair of facts (9,11)

--------------------------------
ITERATION 19: Length of C: 14
Popped element k with id 100 and h-value of 1. k is a pair of facts (6,9)

--------------------------------
ITERATION 20: Length of C: 13
Popped element k with id 90 and h-value of 1. k is a pair of facts (5,9)

--------------------------------
ITERATION 21: Length of C: 12
Popped element k with id 40 and h-value of 1. k is a pair of facts (1,9)

Action 18 has k as precondition. Unsat was 1 and decremented to 0, so we apply the action

id_q 0 variable is 4 - mutex optimisation triggered
id_q 1 variable is 4 - mutex optimisation triggered
id_q 2 variable is 4 - mutex optimisation triggered
id_q 3 variable is 4 - mutex optimisation triggered
id_q 4 variable is 4 - mutex optimisation triggered
id_q 5 variable is 1 - applying additional context for persistent fact
    added context: (4, 5): val 2, (14, 5): val 2, 
id_q 6 variable is 1 - applying additional context for persistent fact
    added context: (4, 6): val 2, (14, 6): val 2, 
id_q 7 variable is 1 - persistent fact not yet applicable, storing for later
id_q 8 variable is 0 - mutex with precondition
id_q 9 variable is 0 - applying additional context for prevail fact
    added context: (4, 9): val 2, (14, 9): val 2, 
id_q 10 variable is 0 - mutex with precondition
id_q 11 variable is 2 - applying additional context for persistent fact
    added context: (4, 11): val 2, (14, 11): val 2, 
id_q 12 variable is 2 - persistent fact not yet applicable, storing for later
id_q 13 variable is 3 - mutex optimisation triggered
id_q 14 variable is 3 - mutex optimisation triggered

Applying the action itself: added (4, 4): val 2, (4, 14): val 2, (14, 14): val 2, 

--------------------------------
ITERATION 22: Length of C: 22
Popped element k with id 6 and h-value of 1. k is a singleton fact.

Action 1 has k as precondition. Unsat was 1 and decremented to 0, so we apply the action

id_q 0 variable is 4 - persistent fact not yet applicable, storing for later
id_q 1 variable is 4 - applying additional context for persistent fact
    added context: 
id_q 2 variable is 4 - persistent fact not yet applicable, storing for later
id_q 3 variable is 4 - persistent fact not yet applicable, storing for later
id_q 4 variable is 4 - applying additional context for persistent fact
    added context: 
id_q 5 variable is 1 - mutex optimisation triggered
id_q 6 variable is 1 - mutex optimisation triggered
id_q 7 variable is 1 - mutex optimisation triggered
id_q 8 variable is 0 - applying additional context for persistent fact
    added context: 
id_q 9 variable is 0 - applying additional context for persistent fact
    added context: 
id_q 10 variable is 0 - applying additional context for persistent fact
    added context: 
id_q 11 variable is 2 - applying additional context for persistent fact
    added context: 
id_q 12 variable is 2 - persistent fact not yet applicable, storing for later
id_q 13 variable is 3 - applying additional context for persistent fact
    added context: 
id_q 14 variable is 3 - applying additional context for persistent fact
    added context: 

Applying the action itself: added 

Action 2 has k as precondition. Unsat was 1 and decremented to 0, so we apply the action

id_q 0 variable is 4 - persistent fact not yet applicable, storing for later
id_q 1 variable is 4 - applying additional context for persistent fact
    added context: (7, 1): val 2, 
id_q 2 variable is 4 - persistent fact not yet applicable, storing for later
id_q 3 variable is 4 - persistent fact not yet applicable, storing for later
id_q 4 variable is 4 - applying additional context for persistent fact
    added context: (7, 4): val 2, 
id_q 5 variable is 1 - mutex optimisation triggered
id_q 6 variable is 1 - mutex optimisation triggered
id_q 7 variable is 1 - mutex optimisation triggered
id_q 8 variable is 0 - applying additional context for persistent fact
    added context: (7, 8): val 2, 
id_q 9 variable is 0 - applying additional context for persistent fact
    added context: (7, 9): val 2, 
id_q 10 variable is 0 - applying additional context for persistent fact
    added context: (7, 10): val 2, 
id_q 11 variable is 2 - applying additional context for persistent fact
    added context: (7, 11): val 2, 
id_q 12 variable is 2 - persistent fact not yet applicable, storing for later
id_q 13 variable is 3 - applying additional context for persistent fact
    added context: (7, 13): val 2, 
id_q 14 variable is 3 - applying additional context for persistent fact
    added context: (7, 14): val 2, 

Applying the action itself: added (7, 7): val 2, 

Action 9 has k as precondition. Unsat was 3 and decremented to 2

Action 15 has k as precondition. Unsat was 3 and decremented to 2

Action 20 has k as precondition. Unsat was 6 and decremented to 5

--------------------------------
ITERATION 23: Length of C: 30
Popped element k with id 104 and h-value of 1. k is a pair of facts (6,13)

--------------------------------
ITERATION 24: Length of C: 29
Popped element k with id 102 and h-value of 1. k is a pair of facts (6,11)

Action 15 has k as precondition. Unsat was 2 and decremented to 1

--------------------------------
ITERATION 25: Length of C: 28
Popped element k with id 99 and h-value of 1. k is a pair of facts (6,8)

--------------------------------
ITERATION 26: Length of C: 27
Popped element k with id 37 and h-value of 1. k is a pair of facts (1,6)

Action 15 has k as precondition. Unsat was 1 and decremented to 0, so we apply the action

id_q 0 variable is 4 - mutex optimisation triggered
id_q 1 variable is 4 - mutex optimisation triggered
id_q 2 variable is 4 - mutex optimisation triggered
id_q 3 variable is 4 - mutex optimisation triggered
id_q 4 variable is 4 - mutex optimisation triggered
id_q 5 variable is 1 - mutex with precondition
id_q 6 variable is 1 - applying additional context for prevail fact
    added context: (3, 6): val 2, (12, 6): val 2, 
id_q 7 variable is 1 - mutex with precondition
id_q 8 variable is 0 - applying additional context for persistent fact
    added context: (3, 8): val 2, (12, 8): val 2, 
id_q 9 variable is 0 - applying additional context for persistent fact
    added context: (3, 9): val 2, (12, 9): val 2, 
id_q 10 variable is 0 - applying additional context for persistent fact
    added context: (3, 10): val 2, (12, 10): val 2, 
id_q 11 variable is 2 - mutex optimisation triggered
id_q 12 variable is 2 - mutex optimisation triggered
id_q 13 variable is 3 - applying additional context for persistent fact
    added context: (3, 13): val 2, (12, 13): val 2, 
id_q 14 variable is 3 - persistent fact not yet applicable, storing for later

Applying the action itself: added (3, 3): val 2, (3, 12): val 2, (12, 12): val 2, 

--------------------------------
ITERATION 27: Length of C: 39
Popped element k with id 12 and h-value of 2. k is a singleton fact.

Persistent fact found for k=12! Applying additional context.
    added context: (5, 12): val 3, 
Persistent fact found for k=12! Applying additional context.
    added context: (7, 12): val 3, 
Persistent fact found for k=12! Applying additional context.
    added context: 
Persistent fact found for k=12! Applying additional context.
    added context: 
Persistent fact found for k=12! Applying additional context.
    added context: 
--------------------------------
ITERATION 28: Length of C: 40
Popped element k with id 70 and h-value of 2. k is a pair of facts (3,12)

Persistent fact found for q=12! Applying additional context.
    added context: 
Persistent fact found for f=3! Applying additional context.
    added context: (5, 3): val 3, 
Persistent fact found for f=3! Applying additional context.
    added context: (7, 3): val 3, 
Persistent fact found for f=3! Applying additional context.
    added context: 
Persistent fact found for f=3! Applying additional context.
    added context: 
Persistent fact found for f=3! Applying additional context.
    added context: 
--------------------------------
ITERATION 29: Length of C: 41
Popped element k with id 3 and h-value of 2. k is a singleton fact.

Action 8 has k as precondition. Unsat was 2 and decremented to 1

Action 9 has k as precondition. Unsat was 2 and decremented to 1

Action 10 has k as precondition. Unsat was 3 and decremented to 2

Persistent fact found for k=3! Applying additional context.
    added context: 
--------------------------------
ITERATION 30: Length of C: 40
Popped element k with id 143 and h-value of 2. k is a pair of facts (12,13)

--------------------------------
ITERATION 31: Length of C: 39
Popped element k with id 71 and h-value of 2. k is a pair of facts (3,13)

--------------------------------
ITERATION 32: Length of C: 38
Popped element k with id 133 and h-value of 2. k is a pair of facts (10,12)

Persistent fact found for f=10! Applying additional context.
    added context: 
--------------------------------
ITERATION 33: Length of C: 37
Popped element k with id 68 and h-value of 2. k is a pair of facts (3,10)

--------------------------------
ITERATION 34: Length of C: 36
Popped element k with id 127 and h-value of 2. k is a pair of facts (9,12)

--------------------------------
ITERATION 35: Length of C: 35
Popped element k with id 67 and h-value of 2. k is a pair of facts (3,9)

--------------------------------
ITERATION 36: Length of C: 34
Popped element k with id 120 and h-value of 2. k is a pair of facts (8,12)

--------------------------------
ITERATION 37: Length of C: 33
Popped element k with id 66 and h-value of 2. k is a pair of facts (3,8)

--------------------------------
ITERATION 38: Length of C: 32
Popped element k with id 103 and h-value of 2. k is a pair of facts (6,12)

--------------------------------
ITERATION 39: Length of C: 31
Popped element k with id 64 and h-value of 2. k is a pair of facts (3,6)

Action 9 has k as precondition. Unsat was 1 and decremented to 0, so we apply the action

id_q 0 variable is 4 - mutex optimisation triggered
id_q 1 variable is 4 - mutex optimisation triggered
id_q 2 variable is 4 - mutex optimisation triggered
id_q 3 variable is 4 - mutex optimisation triggered
id_q 4 variable is 4 - mutex optimisation triggered
id_q 5 variable is 1 - mutex with precondition
id_q 6 variable is 1 - applying additional context for prevail fact
    added context: 
id_q 7 variable is 1 - mutex with precondition
id_q 8 variable is 0 - applying additional context for persistent fact
    added context: 
id_q 9 variable is 0 - applying additional context for persistent fact
    added context: 
id_q 10 variable is 0 - applying additional context for persistent fact
    added context: 
id_q 11 variable is 2 - mutex optimisation triggered
id_q 12 variable is 2 - mutex optimisation triggered
id_q 13 variable is 3 - applying additional context for persistent fact
    added context: 
id_q 14 variable is 3 - persistent fact not yet applicable, storing for later

Applying the action itself: added 

--------------------------------
ITERATION 40: Length of C: 30
Popped element k with id 7 and h-value of 2. k is a singleton fact.

Action 3 has k as precondition. Unsat was 1 and decremented to 0, so we apply the action

id_q 0 variable is 4 - persistent fact not yet applicable, storing for later
id_q 1 variable is 4 - applying additional context for persistent fact
    added context: 
id_q 2 variable is 4 - persistent fact not yet applicable, storing for later
id_q 3 variable is 4 - applying additional context for persistent fact
    added context: 
id_q 4 variable is 4 - applying additional context for persistent fact
    added context: 
id_q 5 variable is 1 - mutex optimisation triggered
id_q 6 variable is 1 - mutex optimisation triggered
id_q 7 variable is 1 - mutex optimisation triggered
id_q 8 variable is 0 - applying additional context for persistent fact
    added context: 
id_q 9 variable is 0 - applying additional context for persistent fact
    added context: 
id_q 10 variable is 0 - applying additional context for persistent fact
    added context: 
id_q 11 variable is 2 - applying additional context for persistent fact
    added context: 
id_q 12 variable is 2 - applying additional context for persistent fact
    added context: 
id_q 13 variable is 3 - applying additional context for persistent fact
    added context: 
id_q 14 variable is 3 - applying additional context for persistent fact
    added context: 

Applying the action itself: added 

Action 10 has k as precondition. Unsat was 2 and decremented to 1

Action 16 has k as precondition. Unsat was 5 and decremented to 4

Persistent fact found for k=7! Applying additional context.
    added context: 
Persistent fact found for k=7! Applying additional context.
    added context: 
Persistent fact found for k=7! Applying additional context.
    added context: 
Persistent fact found for k=7! Applying additional context.
    added context: 
--------------------------------
ITERATION 41: Length of C: 29
Popped element k with id 114 and h-value of 2. k is a pair of facts (7,14)

Persistent fact found for q=14! Applying additional context.
    added context: 
Persistent fact found for q=14! Applying additional context.
    added context: (8, 14): val 3, 
Persistent fact found for q=14! Applying additional context.
    added context: (10, 14): val 3, 
--------------------------------
ITERATION 42: Length of C: 30
Popped element k with id 113 and h-value of 2. k is a pair of facts (7,13)

--------------------------------
ITERATION 43: Length of C: 29
Popped element k with id 111 and h-value of 2. k is a pair of facts (7,11)

Action 16 has k as precondition. Unsat was 4 and decremented to 3

--------------------------------
ITERATION 44: Length of C: 28
Popped element k with id 110 and h-value of 2. k is a pair of facts (7,10)

--------------------------------
ITERATION 45: Length of C: 27
Popped element k with id 109 and h-value of 2. k is a pair of facts (7,9)

--------------------------------
ITERATION 46: Length of C: 26
Popped element k with id 108 and h-value of 2. k is a pair of facts (7,8)

--------------------------------
ITERATION 47: Length of C: 25
Popped element k with id 77 and h-value of 2. k is a pair of facts (4,7)

Persistent fact found for f=4! Applying additional context.
    added context: 
Persistent fact found for f=4! Applying additional context.
    added context: (8, 4): val 3, 
Persistent fact found for f=4! Applying additional context.
    added context: (10, 4): val 3, 
--------------------------------
ITERATION 48: Length of C: 26
Popped element k with id 38 and h-value of 2. k is a pair of facts (1,7)

--------------------------------
ITERATION 49: Length of C: 25
Popped element k with id 14 and h-value of 2. k is a singleton fact.

Persistent fact found for k=14! Applying additional context.
    added context: 
--------------------------------
ITERATION 50: Length of C: 24
Popped element k with id 84 and h-value of 2. k is a pair of facts (4,14)

Persistent fact found for f=4! Applying additional context.
    added context: 
--------------------------------
ITERATION 51: Length of C: 23
Popped element k with id 4 and h-value of 2. k is a singleton fact.

Action 11 has k as precondition. Unsat was 2 and decremented to 1

Action 12 has k as precondition. Unsat was 2 and decremented to 1

Action 13 has k as precondition. Unsat was 3 and decremented to 2

--------------------------------
ITERATION 52: Length of C: 22
Popped element k with id 140 and h-value of 2. k is a pair of facts (11,14)

--------------------------------
ITERATION 53: Length of C: 21
Popped element k with id 81 and h-value of 2. k is a pair of facts (4,11)

--------------------------------
ITERATION 54: Length of C: 20
Popped element k with id 129 and h-value of 2. k is a pair of facts (9,14)

--------------------------------
ITERATION 55: Length of C: 19
Popped element k with id 79 and h-value of 2. k is a pair of facts (4,9)

Action 12 has k as precondition. Unsat was 1 and decremented to 0, so we apply the action

id_q 0 variable is 4 - mutex optimisation triggered
id_q 1 variable is 4 - mutex optimisation triggered
id_q 2 variable is 4 - mutex optimisation triggered
id_q 3 variable is 4 - mutex optimisation triggered
id_q 4 variable is 4 - mutex optimisation triggered
id_q 5 variable is 1 - applying additional context for persistent fact
    added context: 
id_q 6 variable is 1 - applying additional context for persistent fact
    added context: 
id_q 7 variable is 1 - applying additional context for persistent fact
    added context: 
id_q 8 variable is 0 - mutex with precondition
id_q 9 variable is 0 - applying additional context for prevail fact
    added context: 
id_q 10 variable is 0 - mutex with precondition
id_q 11 variable is 2 - applying additional context for persistent fact
    added context: 
id_q 12 variable is 2 - persistent fact not yet applicable, storing for later
id_q 13 variable is 3 - mutex optimisation triggered
id_q 14 variable is 3 - mutex optimisation triggered

Applying the action itself: added 

--------------------------------
ITERATION 56: Length of C: 18
Popped element k with id 105 and h-value of 2. k is a pair of facts (6,14)

--------------------------------
ITERATION 57: Length of C: 17
Popped element k with id 76 and h-value of 2. k is a pair of facts (4,6)

--------------------------------
ITERATION 58: Length of C: 16
Popped element k with id 95 and h-value of 2. k is a pair of facts (5,14)

--------------------------------
ITERATION 59: Length of C: 15
Popped element k with id 75 and h-value of 2. k is a pair of facts (4,5)

--------------------------------
ITERATION 60: Length of C: 14
Popped element k with id 10 and h-value of 2. k is a singleton fact.

Action 7 has k as precondition. Unsat was 1 and decremented to 0, so we apply the action

id_q 0 variable is 4 - persistent fact not yet applicable, storing for later
id_q 1 variable is 4 - applying additional context for persistent fact
    added context: 
id_q 2 variable is 4 - persistent fact not yet applicable, storing for later
id_q 3 variable is 4 - applying additional context for persistent fact
    added context: 
id_q 4 variable is 4 - applying additional context for persistent fact
    added context: 
id_q 5 variable is 1 - applying additional context for persistent fact
    added context: 
id_q 6 variable is 1 - applying additional context for persistent fact
    added context: 
id_q 7 variable is 1 - applying additional context for persistent fact
    added context: 
id_q 8 variable is 0 - mutex optimisation triggered
id_q 9 variable is 0 - mutex optimisation triggered
id_q 10 variable is 0 - mutex optimisation triggered
id_q 11 variable is 2 - applying additional context for persistent fact
    added context: 
id_q 12 variable is 2 - applying additional context for persistent fact
    added context: 
id_q 13 variable is 3 - applying additional context for persistent fact
    added context: 
id_q 14 variable is 3 - applying additional context for persistent fact
    added context: 

Applying the action itself: added 

Action 13 has k as precondition. Unsat was 2 and decremented to 1

Action 19 has k as precondition. Unsat was 5 and decremented to 4

Action 20 has k as precondition. Unsat was 5 and decremented to 4

--------------------------------
ITERATION 61: Length of C: 13
Popped element k with id 134 and h-value of 2. k is a pair of facts (10,13)

Action 19 has k as precondition. Unsat was 4 and decremented to 3

--------------------------------
ITERATION 62: Length of C: 12
Popped element k with id 132 and h-value of 2. k is a pair of facts (10,11)

--------------------------------
ITERATION 63: Length of C: 11
Popped element k with id 101 and h-value of 2. k is a pair of facts (6,10)

Action 20 has k as precondition. Unsat was 4 and decremented to 3

--------------------------------
ITERATION 64: Length of C: 10
Popped element k with id 91 and h-value of 2. k is a pair of facts (5,10)

--------------------------------
ITERATION 65: Length of C: 9
Popped element k with id 41 and h-value of 2. k is a pair of facts (1,10)

--------------------------------
ITERATION 66: Length of C: 8
Popped element k with id 80 and h-value of 3. k is a pair of facts (4,10)

Action 13 has k as precondition. Unsat was 1 and decremented to 0, so we apply the action

id_q 0 variable is 4 - mutex optimisation triggered
id_q 1 variable is 4 - mutex optimisation triggered
id_q 2 variable is 4 - mutex optimisation triggered
id_q 3 variable is 4 - mutex optimisation triggered
id_q 4 variable is 4 - mutex optimisation triggered
id_q 5 variable is 1 - applying additional context for persistent fact
    added context: (2, 5): val 4, 
id_q 6 variable is 1 - applying additional context for persistent fact
    added context: (2, 6): val 4, 
id_q 7 variable is 1 - applying additional context for persistent fact
    added context: (2, 7): val 4, 
id_q 8 variable is 0 - mutex with precondition
id_q 9 variable is 0 - mutex with precondition
id_q 10 variable is 0 - applying additional context for prevail fact
    added context: (2, 10): val 4, 
id_q 11 variable is 2 - applying additional context for persistent fact
    added context: (2, 11): val 4, 
id_q 12 variable is 2 - persistent fact not yet applicable, storing for later
id_q 13 variable is 3 - mutex optimisation triggered
id_q 14 variable is 3 - mutex optimisation triggered

Applying the action itself: added (2, 2): val 4, (2, 13): val 4, 

--------------------------------
ITERATION 67: Length of C: 14
Popped element k with id 78 and h-value of 3. k is a pair of facts (4,8)

Action 11 has k as precondition. Unsat was 1 and decremented to 0, so we apply the action

id_q 0 variable is 4 - mutex optimisation triggered
id_q 1 variable is 4 - mutex optimisation triggered
id_q 2 variable is 4 - mutex optimisation triggered
id_q 3 variable is 4 - mutex optimisation triggered
id_q 4 variable is 4 - mutex optimisation triggered
id_q 5 variable is 1 - applying additional context for persistent fact
    added context: (0, 5): val 4, 
id_q 6 variable is 1 - applying additional context for persistent fact
    added context: (0, 6): val 4, 
id_q 7 variable is 1 - applying additional context for persistent fact
    added context: (0, 7): val 4, 
id_q 8 variable is 0 - applying additional context for prevail fact
    added context: (0, 8): val 4, 
id_q 9 variable is 0 - mutex with precondition
id_q 10 variable is 0 - mutex with precondition
id_q 11 variable is 2 - applying additional context for persistent fact
    added context: (0, 11): val 4, 
id_q 12 variable is 2 - persistent fact not yet applicable, storing for later
id_q 13 variable is 3 - mutex optimisation triggered
id_q 14 variable is 3 - mutex optimisation triggered

Applying the action itself: added (0, 0): val 4, (0, 13): val 4, 

--------------------------------
ITERATION 68: Length of C: 20
Popped element k with id 135 and h-value of 3. k is a pair of facts (10,14)

--------------------------------
ITERATION 69: Length of C: 19
Popped element k with id 122 and h-value of 3. k is a pair of facts (8,14)

--------------------------------
ITERATION 70: Length of C: 18
Popped element k with id 65 and h-value of 3. k is a pair of facts (3,7)

Action 10 has k as precondition. Unsat was 1 and decremented to 0, so we apply the action

id_q 0 variable is 4 - mutex optimisation triggered
id_q 1 variable is 4 - mutex optimisation triggered
id_q 2 variable is 4 - mutex optimisation triggered
id_q 3 variable is 4 - mutex optimisation triggered
id_q 4 variable is 4 - mutex optimisation triggered
id_q 5 variable is 1 - mutex with precondition
id_q 6 variable is 1 - mutex with precondition
id_q 7 variable is 1 - applying additional context for prevail fact
    added context: 
id_q 8 variable is 0 - applying additional context for persistent fact
    added context: (2, 8): val 4, 
id_q 9 variable is 0 - applying additional context for persistent fact
    added context: (2, 9): val 4, 
id_q 10 variable is 0 - applying additional context for persistent fact
    added context: 
id_q 11 variable is 2 - mutex optimisation triggered
id_q 12 variable is 2 - mutex optimisation triggered
id_q 13 variable is 3 - applying additional context for persistent fact
    added context: 
id_q 14 variable is 3 - persistent fact not yet applicable, storing for later

Applying the action itself: added 

--------------------------------
ITERATION 71: Length of C: 19
Popped element k with id 63 and h-value of 3. k is a pair of facts (3,5)

Action 8 has k as precondition. Unsat was 1 and decremented to 0, so we apply the action

id_q 0 variable is 4 - mutex optimisation triggered
id_q 1 variable is 4 - mutex optimisation triggered
id_q 2 variable is 4 - mutex optimisation triggered
id_q 3 variable is 4 - mutex optimisation triggered
id_q 4 variable is 4 - mutex optimisation triggered
id_q 5 variable is 1 - applying additional context for prevail fact
    added context: 
id_q 6 variable is 1 - mutex with precondition
id_q 7 variable is 1 - mutex with precondition
id_q 8 variable is 0 - applying additional context for persistent fact
    added context: 
id_q 9 variable is 0 - applying additional context for persistent fact
    added context: (0, 9): val 4, 
id_q 10 variable is 0 - applying additional context for persistent fact
    added context: (0, 10): val 4, 
id_q 11 variable is 2 - mutex optimisation triggered
id_q 12 variable is 2 - mutex optimisation triggered
id_q 13 variable is 3 - applying additional context for persistent fact
    added context: 
id_q 14 variable is 3 - persistent fact not yet applicable, storing for later

Applying the action itself: added 

--------------------------------
ITERATION 72: Length of C: 20
Popped element k with id 112 and h-value of 3. k is a pair of facts (7,12)

--------------------------------
ITERATION 73: Length of C: 19
Popped element k with id 93 and h-value of 3. k is a pair of facts (5,12)

--------------------------------
ITERATION 74: Length of C: 18
Popped element k with id 26 and h-value of 4. k is a pair of facts (0,10)

Persistent fact found for f=0! Applying additional context.
    added context: 
Persistent fact found for f=0! Applying additional context.
    added context: 
Persistent fact found for f=0! Applying additional context.
    added context: 
Persistent fact found for f=0! Applying additional context.
    added context: 
Persistent fact found for f=0! Applying additional context.
    added context: 
Persistent fact found for f=0! Applying additional context.
    added context: 
Persistent fact found for f=0! Applying additional context.
    added context: 
Persistent fact found for f=0! Applying additional context.
    added context: 
--------------------------------
ITERATION 75: Length of C: 17
Popped element k with id 25 and h-value of 4. k is a pair of facts (0,9)

--------------------------------
ITERATION 76: Length of C: 16
Popped element k with id 54 and h-value of 4. k is a pair of facts (2,9)

Persistent fact found for f=2! Applying additional context.
    added context: 
Persistent fact found for f=2! Applying additional context.
    added context: 
Persistent fact found for f=2! Applying additional context.
    added context: 
Persistent fact found for f=2! Applying additional context.
    added context: 
Persistent fact found for f=2! Applying additional context.
    added context: 
Persistent fact found for f=2! Applying additional context.
    added context: 
Persistent fact found for f=2! Applying additional context.
    added context: 
Persistent fact found for f=2! Applying additional context.
    added context: 
--------------------------------
ITERATION 77: Length of C: 15
Popped element k with id 53 and h-value of 4. k is a pair of facts (2,8)

--------------------------------
ITERATION 78: Length of C: 14
Popped element k with id 29 and h-value of 4. k is a pair of facts (0,13)

Action 17 has k as precondition. Unsat was 3 and decremented to 2

--------------------------------
ITERATION 79: Length of C: 13
Popped element k with id 0 and h-value of 4. k is a singleton fact.

Action 14 has k as precondition. Unsat was 3 and decremented to 2

Action 17 has k as precondition. Unsat was 2 and decremented to 1

--------------------------------
ITERATION 80: Length of C: 12
Popped element k with id 27 and h-value of 4. k is a pair of facts (0,11)

Action 14 has k as precondition. Unsat was 2 and decremented to 1

--------------------------------
ITERATION 81: Length of C: 11
Popped element k with id 24 and h-value of 4. k is a pair of facts (0,8)

Action 17 has k as precondition. Unsat was 1 and decremented to 0, so we apply the action

id_q 0 variable is 4 - mutex optimisation triggered
id_q 1 variable is 4 - mutex optimisation triggered
id_q 2 variable is 4 - mutex optimisation triggered
id_q 3 variable is 4 - mutex optimisation triggered
id_q 4 variable is 4 - mutex optimisation triggered
id_q 5 variable is 1 - applying additional context for persistent fact
    added context: 
id_q 6 variable is 1 - applying additional context for persistent fact
    added context: 
id_q 7 variable is 1 - applying additional context for persistent fact
    added context: 
id_q 8 variable is 0 - applying additional context for prevail fact
    added context: 
id_q 9 variable is 0 - mutex with precondition
id_q 10 variable is 0 - mutex with precondition
id_q 11 variable is 2 - applying additional context for persistent fact
    added context: 
id_q 12 variable is 2 - persistent fact not yet applicable, storing for later
id_q 13 variable is 3 - mutex optimisation triggered
id_q 14 variable is 3 - mutex optimisation triggered

Applying the action itself: added 

--------------------------------
ITERATION 82: Length of C: 10
Popped element k with id 23 and h-value of 4. k is a pair of facts (0,7)

--------------------------------
ITERATION 83: Length of C: 9
Popped element k with id 22 and h-value of 4. k is a pair of facts (0,6)

--------------------------------
ITERATION 84: Length of C: 8
Popped element k with id 21 and h-value of 4. k is a pair of facts (0,5)

Action 14 has k as precondition. Unsat was 1 and decremented to 0, so we apply the action

id_q 0 variable is 4 - mutex optimisation triggered
id_q 1 variable is 4 - mutex optimisation triggered
id_q 2 variable is 4 - mutex optimisation triggered
id_q 3 variable is 4 - mutex optimisation triggered
id_q 4 variable is 4 - mutex optimisation triggered
id_q 5 variable is 1 - applying additional context for prevail fact
    added context: 
id_q 6 variable is 1 - mutex with precondition
id_q 7 variable is 1 - mutex with precondition
id_q 8 variable is 0 - applying additional context for persistent fact
    added context: 
id_q 9 variable is 0 - applying additional context for persistent fact
    added context: 
id_q 10 variable is 0 - applying additional context for persistent fact
    added context: 
id_q 11 variable is 2 - mutex optimisation triggered
id_q 12 variable is 2 - mutex optimisation triggered
id_q 13 variable is 3 - applying additional context for persistent fact
    added context: 
id_q 14 variable is 3 - persistent fact not yet applicable, storing for later

Applying the action itself: added 

--------------------------------
ITERATION 85: Length of C: 7
Popped element k with id 58 and h-value of 4. k is a pair of facts (2,13)

Action 19 has k as precondition. Unsat was 3 and decremented to 2

--------------------------------
ITERATION 86: Length of C: 6
Popped element k with id 2 and h-value of 4. k is a singleton fact.

Action 16 has k as precondition. Unsat was 3 and decremented to 2

Action 19 has k as precondition. Unsat was 2 and decremented to 1

Action 20 has k as precondition. Unsat was 3 and decremented to 2

--------------------------------
ITERATION 87: Length of C: 5
Popped element k with id 56 and h-value of 4. k is a pair of facts (2,11)

Action 16 has k as precondition. Unsat was 2 and decremented to 1

--------------------------------
ITERATION 88: Length of C: 4
Popped element k with id 55 and h-value of 4. k is a pair of facts (2,10)

Action 19 has k as precondition. Unsat was 1 and decremented to 0, so we apply the action

id_q 0 variable is 4 - mutex optimisation triggered
id_q 1 variable is 4 - mutex optimisation triggered
id_q 2 variable is 4 - mutex optimisation triggered
id_q 3 variable is 4 - mutex optimisation triggered
id_q 4 variable is 4 - mutex optimisation triggered
id_q 5 variable is 1 - applying additional context for persistent fact
    added context: 
id_q 6 variable is 1 - applying additional context for persistent fact
    added context: 
id_q 7 variable is 1 - applying additional context for persistent fact
    added context: 
id_q 8 variable is 0 - mutex with precondition
id_q 9 variable is 0 - mutex with precondition
id_q 10 variable is 0 - applying additional context for prevail fact
    added context: 
id_q 11 variable is 2 - applying additional context for persistent fact
    added context: 
id_q 12 variable is 2 - persistent fact not yet applicable, storing for later
id_q 13 variable is 3 - mutex optimisation triggered
id_q 14 variable is 3 - mutex optimisation triggered

Applying the action itself: added 

Action 20 has k as precondition. Unsat was 2 and decremented to 1

--------------------------------
ITERATION 89: Length of C: 3
Popped element k with id 52 and h-value of 4. k is a pair of facts (2,7)

Action 16 has k as precondition. Unsat was 1 and decremented to 0, so we apply the action

id_q 0 variable is 4 - mutex optimisation triggered
id_q 1 variable is 4 - mutex optimisation triggered
id_q 2 variable is 4 - mutex optimisation triggered
id_q 3 variable is 4 - mutex optimisation triggered
id_q 4 variable is 4 - mutex optimisation triggered
id_q 5 variable is 1 - mutex with precondition
id_q 6 variable is 1 - mutex with precondition
id_q 7 variable is 1 - applying additional context for prevail fact
    added context: 
id_q 8 variable is 0 - applying additional context for persistent fact
    added context: 
id_q 9 variable is 0 - applying additional context for persistent fact
    added context: 
id_q 10 variable is 0 - applying additional context for persistent fact
    added context: 
id_q 11 variable is 2 - mutex optimisation triggered
id_q 12 variable is 2 - mutex optimisation triggered
id_q 13 variable is 3 - applying additional context for persistent fact
    added context: 
id_q 14 variable is 3 - persistent fact not yet applicable, storing for later

Applying the action itself: added 

--------------------------------
ITERATION 90: Length of C: 2
Popped element k with id 51 and h-value of 4. k is a pair of facts (2,6)

Action 20 has k as precondition. Unsat was 1 and decremented to 0, so we apply the action

op_goal, so we add fact_goal to the queue

--------------------------------
ITERATION 91: Length of C: 2
Popped element k with id 15 and h-value of 4.

Found goal! k = 15
Returning heuristic value: 4



STARTING HEURISTIC COMPUTATION:

--------------------------------
ITERATION 0: Length of C: 16
Popped element k with id 16 and h-value of 0. k is a singleton fact.

--------------------------------
ITERATION 1: Length of C: 15
Popped element k with id 4 and h-value of 0. k is a singleton fact.

Action 11 has k as precondition. Unsat was 3 and decremented to 2

Action 12 has k as precondition. Unsat was 3 and decremented to 2

Action 13 has k as precondition. Unsat was 3 and decremented to 2

--------------------------------
ITERATION 2: Length of C: 14
Popped element k with id 84 and h-value of 0. k is a pair of facts (4,14)

--------------------------------
ITERATION 3: Length of C: 13
Popped element k with id 14 and h-value of 0. k is a singleton fact.

--------------------------------
ITERATION 4: Length of C: 12
Popped element k with id 81 and h-value of 0. k is a pair of facts (4,11)

--------------------------------
ITERATION 5: Length of C: 11
Popped element k with id 140 and h-value of 0. k is a pair of facts (11,14)

--------------------------------
ITERATION 6: Length of C: 10
Popped element k with id 11 and h-value of 0. k is a singleton fact.

Action 14 has k as precondition. Unsat was 6 and decremented to 5

Action 15 has k as precondition. Unsat was 6 and decremented to 5

Action 16 has k as precondition. Unsat was 6 and decremented to 5

--------------------------------
ITERATION 7: Length of C: 9
Popped element k with id 75 and h-value of 0. k is a pair of facts (4,5)

--------------------------------
ITERATION 8: Length of C: 8
Popped element k with id 95 and h-value of 0. k is a pair of facts (5,14)

--------------------------------
ITERATION 9: Length of C: 7
Popped element k with id 92 and h-value of 0. k is a pair of facts (5,11)

Action 14 has k as precondition. Unsat was 5 and decremented to 4

--------------------------------
ITERATION 10: Length of C: 6
Popped element k with id 5 and h-value of 0. k is a singleton fact.

Action 0 has k as precondition. Unsat was 1 and decremented to 0, so we apply the action

id_q 0 variable is 4 - persistent fact not yet applicable, storing for later
id_q 1 variable is 4 - persistent fact not yet applicable, storing for later
id_q 2 variable is 4 - persistent fact not yet applicable, storing for later
id_q 3 variable is 4 - persistent fact not yet applicable, storing for later
id_q 4 variable is 4 - applying additional context for persistent fact
    added context: (6, 4): val 1, 
id_q 5 variable is 1 - mutex optimisation triggered
id_q 6 variable is 1 - mutex optimisation triggered
id_q 7 variable is 1 - mutex optimisation triggered
id_q 8 variable is 0 - persistent fact not yet applicable, storing for later
id_q 9 variable is 0 - applying additional context for persistent fact
    added context: (6, 9): val 1, 
id_q 10 variable is 0 - persistent fact not yet applicable, storing for later
id_q 11 variable is 2 - applying additional context for persistent fact
    added context: (6, 11): val 1, 
id_q 12 variable is 2 - persistent fact not yet applicable, storing for later
id_q 13 variable is 3 - persistent fact not yet applicable, storing for later
id_q 14 variable is 3 - applying additional context for persistent fact
    added context: (6, 14): val 1, 

Applying the action itself: added (6, 6): val 1, 

Action 8 has k as precondition. Unsat was 3 and decremented to 2

Action 14 has k as precondition. Unsat was 4 and decremented to 3

--------------------------------
ITERATION 11: Length of C: 10
Popped element k with id 79 and h-value of 0. k is a pair of facts (4,9)

Action 12 has k as precondition. Unsat was 2 and decremented to 1

--------------------------------
ITERATION 12: Length of C: 9
Popped element k with id 129 and h-value of 0. k is a pair of facts (9,14)

--------------------------------
ITERATION 13: Length of C: 8
Popped element k with id 126 and h-value of 0. k is a pair of facts (9,11)

--------------------------------
ITERATION 14: Length of C: 7
Popped element k with id 90 and h-value of 0. k is a pair of facts (5,9)

--------------------------------
ITERATION 15: Length of C: 6
Popped element k with id 9 and h-value of 0. k is a singleton fact.

Action 5 has k as precondition. Unsat was 1 and decremented to 0, so we apply the action

id_q 0 variable is 4 - persistent fact not yet applicable, storing for later
id_q 1 variable is 4 - persistent fact not yet applicable, storing for later
id_q 2 variable is 4 - persistent fact not yet applicable, storing for later
id_q 3 variable is 4 - persistent fact not yet applicable, storing for later
id_q 4 variable is 4 - applying additional context for persistent fact
    added context: (8, 4): val 1, 
id_q 5 variable is 1 - applying additional context for persistent fact
    added context: (8, 5): val 1, 
id_q 6 variable is 1 - applying additional context for persistent fact
    added context: (8, 6): val 1, 
id_q 7 variable is 1 - persistent fact not yet applicable, storing for later
id_q 8 variable is 0 - mutex optimisation triggered
id_q 9 variable is 0 - mutex optimisation triggered
id_q 10 variable is 0 - mutex optimisation triggered
id_q 11 variable is 2 - applying additional context for persistent fact
    added context: (8, 11): val 1, 
id_q 12 variable is 2 - persistent fact not yet applicable, storing for later
id_q 13 variable is 3 - persistent fact not yet applicable, storing for later
id_q 14 variable is 3 - applying additional context for persistent fact
    added context: (8, 14): val 1, 

Applying the action itself: added (8, 8): val 1, 

Action 6 has k as precondition. Unsat was 1 and decremented to 0, so we apply the action

id_q 0 variable is 4 - persistent fact not yet applicable, storing for later
id_q 1 variable is 4 - persistent fact not yet applicable, storing for later
id_q 2 variable is 4 - persistent fact not yet applicable, storing for later
id_q 3 variable is 4 - persistent fact not yet applicable, storing for later
id_q 4 variable is 4 - applying additional context for persistent fact
    added context: (10, 4): val 1, 
id_q 5 variable is 1 - applying additional context for persistent fact
    added context: (10, 5): val 1, 
id_q 6 variable is 1 - applying additional context for persistent fact
    added context: (10, 6): val 1, 
id_q 7 variable is 1 - persistent fact not yet applicable, storing for later
id_q 8 variable is 0 - mutex optimisation triggered
id_q 9 variable is 0 - mutex optimisation triggered
id_q 10 variable is 0 - mutex optimisation triggered
id_q 11 variable is 2 - applying additional context for persistent fact
    added context: (10, 11): val 1, 
id_q 12 variable is 2 - persistent fact not yet applicable, storing for later
id_q 13 variable is 3 - persistent fact not yet applicable, storing for later
id_q 14 variable is 3 - applying additional context for persistent fact
    added context: (10, 14): val 1, 

Applying the action itself: added (10, 10): val 1, 

Action 12 has k as precondition. Unsat was 1 and decremented to 0, so we apply the action

id_q 0 variable is 4 - mutex optimisation triggered
id_q 1 variable is 4 - mutex optimisation triggered
id_q 2 variable is 4 - mutex optimisation triggered
id_q 3 variable is 4 - mutex optimisation triggered
id_q 4 variable is 4 - mutex optimisation triggered
id_q 5 variable is 1 - applying additional context for persistent fact
    added context: (1, 5): val 1, (13, 5): val 1, 
id_q 6 variable is 1 - applying additional context for persistent fact
    added context: (1, 6): val 1, (13, 6): val 1, 
id_q 7 variable is 1 - persistent fact not yet applicable, storing for later
id_q 8 variable is 0 - mutex with precondition
id_q 9 variable is 0 - applying additional context for prevail fact
    added context: (1, 9): val 1, (13, 9): val 1, 
id_q 10 variable is 0 - mutex with precondition
id_q 11 variable is 2 - applying additional context for persistent fact
    added context: (1, 11): val 1, (13, 11): val 1, 
id_q 12 variable is 2 - persistent fact not yet applicable, storing for later
id_q 13 variable is 3 - mutex optimisation triggered
id_q 14 variable is 3 - mutex optimisation triggered

Applying the action itself: added (1, 1): val 1, (1, 13): val 1, (13, 13): val 1, 

Action 18 has k as precondition. Unsat was 6 and decremented to 5

--------------------------------
ITERATION 16: Length of C: 28
Popped element k with id 13 and h-value of 1. k is a singleton fact.

Action 17 has k as precondition. Unsat was 6 and decremented to 5

Action 18 has k as precondition. Unsat was 5 and decremented to 4

Action 19 has k as precondition. Unsat was 6 and decremented to 5

Persistent fact found for k=13! Applying additional context.
    added context: 
Persistent fact found for k=13! Applying additional context.
    added context: (8, 13): val 2, 
Persistent fact found for k=13! Applying additional context.
    added context: (10, 13): val 2, 
--------------------------------
ITERATION 17: Length of C: 29
Popped element k with id 44 and h-value of 1. k is a pair of facts (1,13)

Action 18 has k as precondition. Unsat was 4 and decremented to 3

Persistent fact found for f=1! Applying additional context.
    added context: 
Persistent fact found for f=1! Applying additional context.
    added context: (8, 1): val 2, 
Persistent fact found for f=1! Applying additional context.
    added context: (10, 1): val 2, 
--------------------------------
ITERATION 18: Length of C: 30
Popped element k with id 1 and h-value of 1. k is a singleton fact.

Action 15 has k as precondition. Unsat was 5 and decremented to 4

Action 18 has k as precondition. Unsat was 3 and decremented to 2

--------------------------------
ITERATION 19: Length of C: 29
Popped element k with id 139 and h-value of 1. k is a pair of facts (11,13)

--------------------------------
ITERATION 20: Length of C: 28
Popped element k with id 42 and h-value of 1. k is a pair of facts (1,11)

Action 15 has k as precondition. Unsat was 4 and decremented to 3

--------------------------------
ITERATION 21: Length of C: 27
Popped element k with id 128 and h-value of 1. k is a pair of facts (9,13)

Action 18 has k as precondition. Unsat was 2 and decremented to 1

--------------------------------
ITERATION 22: Length of C: 26
Popped element k with id 40 and h-value of 1. k is a pair of facts (1,9)

Action 18 has k as precondition. Unsat was 1 and decremented to 0, so we apply the action

id_q 0 variable is 4 - mutex optimisation triggered
id_q 1 variable is 4 - mutex optimisation triggered
id_q 2 variable is 4 - mutex optimisation triggered
id_q 3 variable is 4 - mutex optimisation triggered
id_q 4 variable is 4 - mutex optimisation triggered
id_q 5 variable is 1 - applying additional context for persistent fact
    added context: 
id_q 6 variable is 1 - applying additional context for persistent fact
    added context: 
id_q 7 variable is 1 - persistent fact not yet applicable, storing for later
id_q 8 variable is 0 - mutex with precondition
id_q 9 variable is 0 - applying additional context for prevail fact
    added context: 
id_q 10 variable is 0 - mutex with precondition
id_q 11 variable is 2 - applying additional context for persistent fact
    added context: 
id_q 12 variable is 2 - persistent fact not yet applicable, storing for later
id_q 13 variable is 3 - mutex optimisation triggered
id_q 14 variable is 3 - mutex optimisation triggered

Applying the action itself: added 

--------------------------------
ITERATION 23: Length of C: 25
Popped element k with id 104 and h-value of 1. k is a pair of facts (6,13)

--------------------------------
ITERATION 24: Length of C: 24
Popped element k with id 37 and h-value of 1. k is a pair of facts (1,6)

Action 15 has k as precondition. Unsat was 3 and decremented to 2

--------------------------------
ITERATION 25: Length of C: 23
Popped element k with id 94 and h-value of 1. k is a pair of facts (5,13)

--------------------------------
ITERATION 26: Length of C: 22
Popped element k with id 36 and h-value of 1. k is a pair of facts (1,5)

--------------------------------
ITERATION 27: Length of C: 21
Popped element k with id 10 and h-value of 1. k is a singleton fact.

Action 7 has k as precondition. Unsat was 1 and decremented to 0, so we apply the action

id_q 0 variable is 4 - persistent fact not yet applicable, storing for later
id_q 1 variable is 4 - applying additional context for persistent fact
    added context: 
id_q 2 variable is 4 - persistent fact not yet applicable, storing for later
id_q 3 variable is 4 - persistent fact not yet applicable, storing for later
id_q 4 variable is 4 - applying additional context for persistent fact
    added context: 
id_q 5 variable is 1 - applying additional context for persistent fact
    added context: 
id_q 6 variable is 1 - applying additional context for persistent fact
    added context: 
id_q 7 variable is 1 - persistent fact not yet applicable, storing for later
id_q 8 variable is 0 - mutex optimisation triggered
id_q 9 variable is 0 - mutex optimisation triggered
id_q 10 variable is 0 - mutex optimisation triggered
id_q 11 variable is 2 - applying additional context for persistent fact
    added context: 
id_q 12 variable is 2 - persistent fact not yet applicable, storing for later
id_q 13 variable is 3 - applying additional context for persistent fact
    added context: 
id_q 14 variable is 3 - applying additional context for persistent fact
    added context: 

Applying the action itself: added 

Action 13 has k as precondition. Unsat was 2 and decremented to 1

Action 19 has k as precondition. Unsat was 5 and decremented to 4

Action 20 has k as precondition. Unsat was 6 and decremented to 5

Persistent fact found for k=10! Applying additional context.
    added context: 
--------------------------------
ITERATION 28: Length of C: 20
Popped element k with id 135 and h-value of 1. k is a pair of facts (10,14)

--------------------------------
ITERATION 29: Length of C: 19
Popped element k with id 132 and h-value of 1. k is a pair of facts (10,11)

--------------------------------
ITERATION 30: Length of C: 18
Popped element k with id 101 and h-value of 1. k is a pair of facts (6,10)

Action 20 has k as precondition. Unsat was 5 and decremented to 4

--------------------------------
ITERATION 31: Length of C: 17
Popped element k with id 91 and h-value of 1. k is a pair of facts (5,10)

--------------------------------
ITERATION 32: Length of C: 16
Popped element k with id 80 and h-value of 1. k is a pair of facts (4,10)

Action 13 has k as precondition. Unsat was 1 and decremented to 0, so we apply the action

id_q 0 variable is 4 - mutex optimisation triggered
id_q 1 variable is 4 - mutex optimisation triggered
id_q 2 variable is 4 - mutex optimisation triggered
id_q 3 variable is 4 - mutex optimisation triggered
id_q 4 variable is 4 - mutex optimisation triggered
id_q 5 variable is 1 - applying additional context for persistent fact
    added context: (2, 5): val 2, 
id_q 6 variable is 1 - applying additional context for persistent fact
    added context: (2, 6): val 2, 
id_q 7 variable is 1 - persistent fact not yet applicable, storing for later
id_q 8 variable is 0 - mutex with precondition
id_q 9 variable is 0 - mutex with precondition
id_q 10 variable is 0 - applying additional context for prevail fact
    added context: (2, 10): val 2, 
id_q 11 variable is 2 - applying additional context for persistent fact
    added context: (2, 11): val 2, 
id_q 12 variable is 2 - persistent fact not yet applicable, storing for later
id_q 13 variable is 3 - mutex optimisation triggered
id_q 14 variable is 3 - mutex optimisation triggered

Applying the action itself: added (2, 2): val 2, (2, 13): val 2, 

--------------------------------
ITERATION 33: Length of C: 21
Popped element k with id 8 and h-value of 1. k is a singleton fact.

Action 4 has k as precondition. Unsat was 1 and decremented to 0, so we apply the action

id_q 0 variable is 4 - persistent fact not yet applicable, storing for later
id_q 1 variable is 4 - applying additional context for persistent fact
    added context: 
id_q 2 variable is 4 - persistent fact not yet applicable, storing for later
id_q 3 variable is 4 - persistent fact not yet applicable, storing for later
id_q 4 variable is 4 - applying additional context for persistent fact
    added context: 
id_q 5 variable is 1 - applying additional context for persistent fact
    added context: 
id_q 6 variable is 1 - applying additional context for persistent fact
    added context: 
id_q 7 variable is 1 - persistent fact not yet applicable, storing for later
id_q 8 variable is 0 - mutex optimisation triggered
id_q 9 variable is 0 - mutex optimisation triggered
id_q 10 variable is 0 - mutex optimisation triggered
id_q 11 variable is 2 - applying additional context for persistent fact
    added context: 
id_q 12 variable is 2 - persistent fact not yet applicable, storing for later
id_q 13 variable is 3 - applying additional context for persistent fact
    added context: 
id_q 14 variable is 3 - applying additional context for persistent fact
    added context: 

Applying the action itself: added 

Action 11 has k as precondition. Unsat was 2 and decremented to 1

Action 17 has k as precondition. Unsat was 5 and decremented to 4

Persistent fact found for k=8! Applying additional context.
    added context: 
--------------------------------
ITERATION 34: Length of C: 20
Popped element k with id 122 and h-value of 1. k is a pair of facts (8,14)

--------------------------------
ITERATION 35: Length of C: 19
Popped element k with id 119 and h-value of 1. k is a pair of facts (8,11)

--------------------------------
ITERATION 36: Length of C: 18
Popped element k with id 99 and h-value of 1. k is a pair of facts (6,8)

--------------------------------
ITERATION 37: Length of C: 17
Popped element k with id 89 and h-value of 1. k is a pair of facts (5,8)

--------------------------------
ITERATION 38: Length of C: 16
Popped element k with id 78 and h-value of 1. k is a pair of facts (4,8)

Action 11 has k as precondition. Unsat was 1 and decremented to 0, so we apply the action

id_q 0 variable is 4 - mutex optimisation triggered
id_q 1 variable is 4 - mutex optimisation triggered
id_q 2 variable is 4 - mutex optimisation triggered
id_q 3 variable is 4 - mutex optimisation triggered
id_q 4 variable is 4 - mutex optimisation triggered
id_q 5 variable is 1 - applying additional context for persistent fact
    added context: (0, 5): val 2, 
id_q 6 variable is 1 - applying additional context for persistent fact
    added context: (0, 6): val 2, 
id_q 7 variable is 1 - persistent fact not yet applicable, storing for later
id_q 8 variable is 0 - applying additional context for prevail fact
    added context: (0, 8): val 2, 
id_q 9 variable is 0 - mutex with precondition
id_q 10 variable is 0 - mutex with precondition
id_q 11 variable is 2 - applying additional context for persistent fact
    added context: (0, 11): val 2, 
id_q 12 variable is 2 - persistent fact not yet applicable, storing for later
id_q 13 variable is 3 - mutex optimisation triggered
id_q 14 variable is 3 - mutex optimisation triggered

Applying the action itself: added (0, 0): val 2, (0, 13): val 2, 

--------------------------------
ITERATION 39: Length of C: 21
Popped element k with id 6 and h-value of 1. k is a singleton fact.

Action 1 has k as precondition. Unsat was 1 and decremented to 0, so we apply the action

id_q 0 variable is 4 - applying additional context for persistent fact
    added context: 
id_q 1 variable is 4 - applying additional context for persistent fact
    added context: 
id_q 2 variable is 4 - applying additional context for persistent fact
    added context: 
id_q 3 variable is 4 - persistent fact not yet applicable, storing for later
id_q 4 variable is 4 - applying additional context for persistent fact
    added context: 
id_q 5 variable is 1 - mutex optimisation triggered
id_q 6 variable is 1 - mutex optimisation triggered
id_q 7 variable is 1 - mutex optimisation triggered
id_q 8 variable is 0 - applying additional context for persistent fact
    added context: 
id_q 9 variable is 0 - applying additional context for persistent fact
    added context: 
id_q 10 variable is 0 - applying additional context for persistent fact
    added context: 
id_q 11 variable is 2 - applying additional context for persistent fact
    added context: 
id_q 12 variable is 2 - persistent fact not yet applicable, storing for later
id_q 13 variable is 3 - applying additional context for persistent fact
    added context: 
id_q 14 variable is 3 - applying additional context for persistent fact
    added context: 

Applying the action itself: added 

Action 2 has k as precondition. Unsat was 1 and decremented to 0, so we apply the action

id_q 0 variable is 4 - applying additional context for persistent fact
    added context: (7, 0): val 2, 
id_q 1 variable is 4 - applying additional context for persistent fact
    added context: (7, 1): val 2, 
id_q 2 variable is 4 - applying additional context for persistent fact
    added context: (7, 2): val 2, 
id_q 3 variable is 4 - persistent fact not yet applicable, storing for later
id_q 4 variable is 4 - applying additional context for persistent fact
    added context: (7, 4): val 2, 
id_q 5 variable is 1 - mutex optimisation triggered
id_q 6 variable is 1 - mutex optimisation triggered
id_q 7 variable is 1 - mutex optimisation triggered
id_q 8 variable is 0 - applying additional context for persistent fact
    added context: (7, 8): val 2, 
id_q 9 variable is 0 - applying additional context for persistent fact
    added context: (7, 9): val 2, 
id_q 10 variable is 0 - applying additional context for persistent fact
    added context: (7, 10): val 2, 
id_q 11 variable is 2 - applying additional context for persistent fact
    added context: (7, 11): val 2, 
id_q 12 variable is 2 - persistent fact not yet applicable, storing for later
id_q 13 variable is 3 - applying additional context for persistent fact
    added context: (7, 13): val 2, 
id_q 14 variable is 3 - applying additional context for persistent fact
    added context: (7, 14): val 2, 

Applying the action itself: added (7, 7): val 2, 

Action 9 has k as precondition. Unsat was 3 and decremented to 2

Action 15 has k as precondition. Unsat was 2 and decremented to 1

Action 20 has k as precondition. Unsat was 4 and decremented to 3

--------------------------------
ITERATION 40: Length of C: 31
Popped element k with id 105 and h-value of 1. k is a pair of facts (6,14)

--------------------------------
ITERATION 41: Length of C: 30
Popped element k with id 102 and h-value of 1. k is a pair of facts (6,11)

Action 15 has k as precondition. Unsat was 1 and decremented to 0, so we apply the action

id_q 0 variable is 4 - mutex optimisation triggered
id_q 1 variable is 4 - mutex optimisation triggered
id_q 2 variable is 4 - mutex optimisation triggered
id_q 3 variable is 4 - mutex optimisation triggered
id_q 4 variable is 4 - mutex optimisation triggered
id_q 5 variable is 1 - mutex with precondition
id_q 6 variable is 1 - applying additional context for prevail fact
    added context: (3, 6): val 2, (12, 6): val 2, 
id_q 7 variable is 1 - mutex with precondition
id_q 8 variable is 0 - applying additional context for persistent fact
    added context: (3, 8): val 2, (12, 8): val 2, 
id_q 9 variable is 0 - applying additional context for persistent fact
    added context: (3, 9): val 2, (12, 9): val 2, 
id_q 10 variable is 0 - applying additional context for persistent fact
    added context: (3, 10): val 2, (12, 10): val 2, 
id_q 11 variable is 2 - mutex optimisation triggered
id_q 12 variable is 2 - mutex optimisation triggered
id_q 13 variable is 3 - applying additional context for persistent fact
    added context: (3, 13): val 2, (12, 13): val 2, 
id_q 14 variable is 3 - persistent fact not yet applicable, storing for later

Applying the action itself: added (3, 3): val 2, (3, 12): val 2, (12, 12): val 2, 

--------------------------------
ITERATION 42: Length of C: 42
Popped element k with id 100 and h-value of 1. k is a pair of facts (6,9)

--------------------------------
ITERATION 43: Length of C: 41
Popped element k with id 76 and h-value of 1. k is a pair of facts (4,6)

--------------------------------
ITERATION 44: Length of C: 40
Popped element k with id 12 and h-value of 2. k is a singleton fact.

Persistent fact found for k=12! Applying additional context.
    added context: (5, 12): val 3, 
Persistent fact found for k=12! Applying additional context.
    added context: (7, 12): val 3, 
Persistent fact found for k=12! Applying additional context.
    added context: 
Persistent fact found for k=12! Applying additional context.
    added context: 
Persistent fact found for k=12! Applying additional context.
    added context: 
Persistent fact found for k=12! Applying additional context.
    added context: 
--------------------------------
ITERATION 45: Length of C: 41
Popped element k with id 70 and h-value of 2. k is a pair of facts (3,12)

Persistent fact found for q=12! Applying additional context.
    added context: 
Persistent fact found for f=3! Applying additional context.
    added context: (5, 3): val 3, 
Persistent fact found for f=3! Applying additional context.
    added context: (7, 3): val 3, 
Persistent fact found for f=3! Applying additional context.
    added context: 
Persistent fact found for f=3! Applying additional context.
    added context: 
Persistent fact found for f=3! Applying additional context.
    added context: 
Persistent fact found for f=3! Applying additional context.
    added context: 
--------------------------------
ITERATION 46: Length of C: 42
Popped element k with id 3 and h-value of 2. k is a singleton fact.

Action 8 has k as precondition. Unsat was 2 and decremented to 1

Action 9 has k as precondition. Unsat was 2 and decremented to 1

Action 10 has k as precondition. Unsat was 3 and decremented to 2

Persistent fact found for k=3! Applying additional context.
    added context: 
--------------------------------
ITERATION 47: Length of C: 41
Popped element k with id 143 and h-value of 2. k is a pair of facts (12,13)

--------------------------------
ITERATION 48: Length of C: 40
Popped element k with id 71 and h-value of 2. k is a pair of facts (3,13)

--------------------------------
ITERATION 49: Length of C: 39
Popped element k with id 133 and h-value of 2. k is a pair of facts (10,12)

--------------------------------
ITERATION 50: Length of C: 38
Popped element k with id 68 and h-value of 2. k is a pair of facts (3,10)

--------------------------------
ITERATION 51: Length of C: 37
Popped element k with id 127 and h-value of 2. k is a pair of facts (9,12)

--------------------------------
ITERATION 52: Length of C: 36
Popped element k with id 67 and h-value of 2. k is a pair of facts (3,9)

--------------------------------
ITERATION 53: Length of C: 35
Popped element k with id 120 and h-value of 2. k is a pair of facts (8,12)

--------------------------------
ITERATION 54: Length of C: 34
Popped element k with id 66 and h-value of 2. k is a pair of facts (3,8)

--------------------------------
ITERATION 55: Length of C: 33
Popped element k with id 103 and h-value of 2. k is a pair of facts (6,12)

--------------------------------
ITERATION 56: Length of C: 32
Popped element k with id 64 and h-value of 2. k is a pair of facts (3,6)

Action 9 has k as precondition. Unsat was 1 and decremented to 0, so we apply the action

id_q 0 variable is 4 - mutex optimisation triggered
id_q 1 variable is 4 - mutex optimisation triggered
id_q 2 variable is 4 - mutex optimisation triggered
id_q 3 variable is 4 - mutex optimisation triggered
id_q 4 variable is 4 - mutex optimisation triggered
id_q 5 variable is 1 - mutex with precondition
id_q 6 variable is 1 - applying additional context for prevail fact
    added context: 
id_q 7 variable is 1 - mutex with precondition
id_q 8 variable is 0 - applying additional context for persistent fact
    added context: 
id_q 9 variable is 0 - applying additional context for persistent fact
    added context: 
id_q 10 variable is 0 - applying additional context for persistent fact
    added context: 
id_q 11 variable is 2 - mutex optimisation triggered
id_q 12 variable is 2 - mutex optimisation triggered
id_q 13 variable is 3 - applying additional context for persistent fact
    added context: 
id_q 14 variable is 3 - persistent fact not yet applicable, storing for later

Applying the action itself: added 

--------------------------------
ITERATION 57: Length of C: 31
Popped element k with id 7 and h-value of 2. k is a singleton fact.

Action 3 has k as precondition. Unsat was 1 and decremented to 0, so we apply the action

id_q 0 variable is 4 - applying additional context for persistent fact
    added context: 
id_q 1 variable is 4 - applying additional context for persistent fact
    added context: 
id_q 2 variable is 4 - applying additional context for persistent fact
    added context: 
id_q 3 variable is 4 - applying additional context for persistent fact
    added context: 
id_q 4 variable is 4 - applying additional context for persistent fact
    added context: 
id_q 5 variable is 1 - mutex optimisation triggered
id_q 6 variable is 1 - mutex optimisation triggered
id_q 7 variable is 1 - mutex optimisation triggered
id_q 8 variable is 0 - applying additional context for persistent fact
    added context: 
id_q 9 variable is 0 - applying additional context for persistent fact
    added context: 
id_q 10 variable is 0 - applying additional context for persistent fact
    added context: 
id_q 11 variable is 2 - applying additional context for persistent fact
    added context: 
id_q 12 variable is 2 - applying additional context for persistent fact
    added context: 
id_q 13 variable is 3 - applying additional context for persistent fact
    added context: 
id_q 14 variable is 3 - applying additional context for persistent fact
    added context: 

Applying the action itself: added 

Action 10 has k as precondition. Unsat was 2 and decremented to 1

Action 16 has k as precondition. Unsat was 5 and decremented to 4

Persistent fact found for k=7! Applying additional context.
    added context: 
Persistent fact found for k=7! Applying additional context.
    added context: 
Persistent fact found for k=7! Applying additional context.
    added context: 
Persistent fact found for k=7! Applying additional context.
    added context: 
Persistent fact found for k=7! Applying additional context.
    added context: 
Persistent fact found for k=7! Applying additional context.
    added context: 
Persistent fact found for k=7! Applying additional context.
    added context: 
Persistent fact found for k=7! Applying additional context.
    added context: 
--------------------------------
ITERATION 58: Length of C: 30
Popped element k with id 114 and h-value of 2. k is a pair of facts (7,14)

--------------------------------
ITERATION 59: Length of C: 29
Popped element k with id 113 and h-value of 2. k is a pair of facts (7,13)

--------------------------------
ITERATION 60: Length of C: 28
Popped element k with id 111 and h-value of 2. k is a pair of facts (7,11)

Action 16 has k as precondition. Unsat was 4 and decremented to 3

--------------------------------
ITERATION 61: Length of C: 27
Popped element k with id 110 and h-value of 2. k is a pair of facts (7,10)

--------------------------------
ITERATION 62: Length of C: 26
Popped element k with id 109 and h-value of 2. k is a pair of facts (7,9)

--------------------------------
ITERATION 63: Length of C: 25
Popped element k with id 108 and h-value of 2. k is a pair of facts (7,8)

--------------------------------
ITERATION 64: Length of C: 24
Popped element k with id 77 and h-value of 2. k is a pair of facts (4,7)

--------------------------------
ITERATION 65: Length of C: 23
Popped element k with id 52 and h-value of 2. k is a pair of facts (2,7)

Action 16 has k as precondition. Unsat was 3 and decremented to 2

Persistent fact found for f=2! Applying additional context.
    added context: 
Persistent fact found for f=2! Applying additional context.
    added context: (9, 2): val 3, 
--------------------------------
ITERATION 66: Length of C: 23
Popped element k with id 38 and h-value of 2. k is a pair of facts (1,7)

--------------------------------
ITERATION 67: Length of C: 22
Popped element k with id 23 and h-value of 2. k is a pair of facts (0,7)

Persistent fact found for f=0! Applying additional context.
    added context: 
Persistent fact found for f=0! Applying additional context.
    added context: (9, 0): val 3, 
Persistent fact found for f=0! Applying additional context.
    added context: 
Persistent fact found for f=0! Applying additional context.
    added context: (10, 0): val 3, 
Persistent fact found for f=0! Applying additional context.
    added context: 
--------------------------------
ITERATION 68: Length of C: 23
Popped element k with id 29 and h-value of 2. k is a pair of facts (0,13)

Action 17 has k as precondition. Unsat was 4 and decremented to 3

--------------------------------
ITERATION 69: Length of C: 22
Popped element k with id 0 and h-value of 2. k is a singleton fact.

Action 14 has k as precondition. Unsat was 3 and decremented to 2

Action 17 has k as precondition. Unsat was 3 and decremented to 2

--------------------------------
ITERATION 70: Length of C: 21
Popped element k with id 27 and h-value of 2. k is a pair of facts (0,11)

Action 14 has k as precondition. Unsat was 2 and decremented to 1

--------------------------------
ITERATION 71: Length of C: 20
Popped element k with id 24 and h-value of 2. k is a pair of facts (0,8)

Action 17 has k as precondition. Unsat was 2 and decremented to 1

--------------------------------
ITERATION 72: Length of C: 19
Popped element k with id 22 and h-value of 2. k is a pair of facts (0,6)

--------------------------------
ITERATION 73: Length of C: 18
Popped element k with id 21 and h-value of 2. k is a pair of facts (0,5)

Action 14 has k as precondition. Unsat was 1 and decremented to 0, so we apply the action

id_q 0 variable is 4 - mutex optimisation triggered
id_q 1 variable is 4 - mutex optimisation triggered
id_q 2 variable is 4 - mutex optimisation triggered
id_q 3 variable is 4 - mutex optimisation triggered
id_q 4 variable is 4 - mutex optimisation triggered
id_q 5 variable is 1 - applying additional context for prevail fact
    added context: 
id_q 6 variable is 1 - mutex with precondition
id_q 7 variable is 1 - mutex with precondition
id_q 8 variable is 0 - applying additional context for persistent fact
    added context: 
id_q 9 variable is 0 - applying additional context for persistent fact
    added context: 
id_q 10 variable is 0 - applying additional context for persistent fact
    added context: 
id_q 11 variable is 2 - mutex optimisation triggered
id_q 12 variable is 2 - mutex optimisation triggered
id_q 13 variable is 3 - applying additional context for persistent fact
    added context: 
id_q 14 variable is 3 - persistent fact not yet applicable, storing for later

Applying the action itself: added 

--------------------------------
ITERATION 74: Length of C: 17
Popped element k with id 58 and h-value of 2. k is a pair of facts (2,13)

Action 19 has k as precondition. Unsat was 4 and decremented to 3

Persistent fact found for f=2! Applying additional context.
    added context: (8, 2): val 3, 
Persistent fact found for f=2! Applying additional context.
    added context: 
--------------------------------
ITERATION 75: Length of C: 17
Popped element k with id 2 and h-value of 2. k is a singleton fact.

Action 16 has k as precondition. Unsat was 2 and decremented to 1

Action 19 has k as precondition. Unsat was 3 and decremented to 2

Action 20 has k as precondition. Unsat was 3 and decremented to 2

Persistent fact found for k=2! Applying additional context.
    added context: 
--------------------------------
ITERATION 76: Length of C: 16
Popped element k with id 56 and h-value of 2. k is a pair of facts (2,11)

Action 16 has k as precondition. Unsat was 1 and decremented to 0, so we apply the action

id_q 0 variable is 4 - mutex optimisation triggered
id_q 1 variable is 4 - mutex optimisation triggered
id_q 2 variable is 4 - mutex optimisation triggered
id_q 3 variable is 4 - mutex optimisation triggered
id_q 4 variable is 4 - mutex optimisation triggered
id_q 5 variable is 1 - mutex with precondition
id_q 6 variable is 1 - mutex with precondition
id_q 7 variable is 1 - applying additional context for prevail fact
    added context: 
id_q 8 variable is 0 - applying additional context for persistent fact
    added context: 
id_q 9 variable is 0 - applying additional context for persistent fact
    added context: 
id_q 10 variable is 0 - applying additional context for persistent fact
    added context: 
id_q 11 variable is 2 - mutex optimisation triggered
id_q 12 variable is 2 - mutex optimisation triggered
id_q 13 variable is 3 - applying additional context for persistent fact
    added context: 
id_q 14 variable is 3 - persistent fact not yet applicable, storing for later

Applying the action itself: added 

--------------------------------
ITERATION 77: Length of C: 15
Popped element k with id 55 and h-value of 2. k is a pair of facts (2,10)

Action 19 has k as precondition. Unsat was 2 and decremented to 1

Action 20 has k as precondition. Unsat was 2 and decremented to 1

--------------------------------
ITERATION 78: Length of C: 14
Popped element k with id 51 and h-value of 2. k is a pair of facts (2,6)

Action 20 has k as precondition. Unsat was 1 and decremented to 0, so we apply the action

op_goal, so we add fact_goal to the queue

--------------------------------
ITERATION 79: Length of C: 14
Popped element k with id 15 and h-value of 2.

Found goal! k = 15
Returning heuristic value: 2



STARTING HEURISTIC COMPUTATION:

--------------------------------
ITERATION 0: Length of C: 16
Popped element k with id 16 and h-value of 0. k is a singleton fact.

--------------------------------
ITERATION 1: Length of C: 15
Popped element k with id 4 and h-value of 0. k is a singleton fact.

Action 11 has k as precondition. Unsat was 3 and decremented to 2

Action 12 has k as precondition. Unsat was 3 and decremented to 2

Action 13 has k as precondition. Unsat was 3 and decremented to 2

--------------------------------
ITERATION 2: Length of C: 14
Popped element k with id 84 and h-value of 0. k is a pair of facts (4,14)

--------------------------------
ITERATION 3: Length of C: 13
Popped element k with id 14 and h-value of 0. k is a singleton fact.

--------------------------------
ITERATION 4: Length of C: 12
Popped element k with id 81 and h-value of 0. k is a pair of facts (4,11)

--------------------------------
ITERATION 5: Length of C: 11
Popped element k with id 140 and h-value of 0. k is a pair of facts (11,14)

--------------------------------
ITERATION 6: Length of C: 10
Popped element k with id 11 and h-value of 0. k is a singleton fact.

Action 14 has k as precondition. Unsat was 6 and decremented to 5

Action 15 has k as precondition. Unsat was 6 and decremented to 5

Action 16 has k as precondition. Unsat was 6 and decremented to 5

--------------------------------
ITERATION 7: Length of C: 9
Popped element k with id 76 and h-value of 0. k is a pair of facts (4,6)

--------------------------------
ITERATION 8: Length of C: 8
Popped element k with id 105 and h-value of 0. k is a pair of facts (6,14)

--------------------------------
ITERATION 9: Length of C: 7
Popped element k with id 102 and h-value of 0. k is a pair of facts (6,11)

Action 15 has k as precondition. Unsat was 5 and decremented to 4

--------------------------------
ITERATION 10: Length of C: 6
Popped element k with id 6 and h-value of 0. k is a singleton fact.

Action 1 has k as precondition. Unsat was 1 and decremented to 0, so we apply the action

id_q 0 variable is 4 - persistent fact not yet applicable, storing for later
id_q 1 variable is 4 - persistent fact not yet applicable, storing for later
id_q 2 variable is 4 - persistent fact not yet applicable, storing for later
id_q 3 variable is 4 - persistent fact not yet applicable, storing for later
id_q 4 variable is 4 - applying additional context for persistent fact
    added context: (5, 4): val 1, 
id_q 5 variable is 1 - mutex optimisation triggered
id_q 6 variable is 1 - mutex optimisation triggered
id_q 7 variable is 1 - mutex optimisation triggered
id_q 8 variable is 0 - persistent fact not yet applicable, storing for later
id_q 9 variable is 0 - applying additional context for persistent fact
    added context: (5, 9): val 1, 
id_q 10 variable is 0 - persistent fact not yet applicable, storing for later
id_q 11 variable is 2 - applying additional context for persistent fact
    added context: (5, 11): val 1, 
id_q 12 variable is 2 - persistent fact not yet applicable, storing for later
id_q 13 variable is 3 - persistent fact not yet applicable, storing for later
id_q 14 variable is 3 - applying additional context for persistent fact
    added context: (5, 14): val 1, 

Applying the action itself: added (5, 5): val 1, 

Action 2 has k as precondition. Unsat was 1 and decremented to 0, so we apply the action

id_q 0 variable is 4 - persistent fact not yet applicable, storing for later
id_q 1 variable is 4 - persistent fact not yet applicable, storing for later
id_q 2 variable is 4 - persistent fact not yet applicable, storing for later
id_q 3 variable is 4 - persistent fact not yet applicable, storing for later
id_q 4 variable is 4 - applying additional context for persistent fact
    added context: (7, 4): val 1, 
id_q 5 variable is 1 - mutex optimisation triggered
id_q 6 variable is 1 - mutex optimisation triggered
id_q 7 variable is 1 - mutex optimisation triggered
id_q 8 variable is 0 - persistent fact not yet applicable, storing for later
id_q 9 variable is 0 - applying additional context for persistent fact
    added context: (7, 9): val 1, 
id_q 10 variable is 0 - persistent fact not yet applicable, storing for later
id_q 11 variable is 2 - applying additional context for persistent fact
    added context: (7, 11): val 1, 
id_q 12 variable is 2 - persistent fact not yet applicable, storing for later
id_q 13 variable is 3 - persistent fact not yet applicable, storing for later
id_q 14 variable is 3 - applying additional context for persistent fact
    added context: (7, 14): val 1, 

Applying the action itself: added (7, 7): val 1, 

Action 9 has k as precondition. Unsat was 3 and decremented to 2

Action 15 has k as precondition. Unsat was 4 and decremented to 3

Action 20 has k as precondition. Unsat was 6 and decremented to 5

--------------------------------
ITERATION 11: Length of C: 15
Popped element k with id 79 and h-value of 0. k is a pair of facts (4,9)

Action 12 has k as precondition. Unsat was 2 and decremented to 1

--------------------------------
ITERATION 12: Length of C: 14
Popped element k with id 129 and h-value of 0. k is a pair of facts (9,14)

--------------------------------
ITERATION 13: Length of C: 13
Popped element k with id 126 and h-value of 0. k is a pair of facts (9,11)

--------------------------------
ITERATION 14: Length of C: 12
Popped element k with id 100 and h-value of 0. k is a pair of facts (6,9)

--------------------------------
ITERATION 15: Length of C: 11
Popped element k with id 9 and h-value of 0. k is a singleton fact.

Action 5 has k as precondition. Unsat was 1 and decremented to 0, so we apply the action

id_q 0 variable is 4 - persistent fact not yet applicable, storing for later
id_q 1 variable is 4 - persistent fact not yet applicable, storing for later
id_q 2 variable is 4 - persistent fact not yet applicable, storing for later
id_q 3 variable is 4 - persistent fact not yet applicable, storing for later
id_q 4 variable is 4 - applying additional context for persistent fact
    added context: (8, 4): val 1, 
id_q 5 variable is 1 - applying additional context for persistent fact
    added context: (8, 5): val 1, 
id_q 6 variable is 1 - applying additional context for persistent fact
    added context: (8, 6): val 1, 
id_q 7 variable is 1 - applying additional context for persistent fact
    added context: (8, 7): val 1, 
id_q 8 variable is 0 - mutex optimisation triggered
id_q 9 variable is 0 - mutex optimisation triggered
id_q 10 variable is 0 - mutex optimisation triggered
id_q 11 variable is 2 - applying additional context for persistent fact
    added context: (8, 11): val 1, 
id_q 12 variable is 2 - persistent fact not yet applicable, storing for later
id_q 13 variable is 3 - persistent fact not yet applicable, storing for later
id_q 14 variable is 3 - applying additional context for persistent fact
    added context: (8, 14): val 1, 

Applying the action itself: added (8, 8): val 1, 

Action 6 has k as precondition. Unsat was 1 and decremented to 0, so we apply the action

id_q 0 variable is 4 - persistent fact not yet applicable, storing for later
id_q 1 variable is 4 - persistent fact not yet applicable, storing for later
id_q 2 variable is 4 - persistent fact not yet applicable, storing for later
id_q 3 variable is 4 - persistent fact not yet applicable, storing for later
id_q 4 variable is 4 - applying additional context for persistent fact
    added context: (10, 4): val 1, 
id_q 5 variable is 1 - applying additional context for persistent fact
    added context: (10, 5): val 1, 
id_q 6 variable is 1 - applying additional context for persistent fact
    added context: (10, 6): val 1, 
id_q 7 variable is 1 - applying additional context for persistent fact
    added context: (10, 7): val 1, 
id_q 8 variable is 0 - mutex optimisation triggered
id_q 9 variable is 0 - mutex optimisation triggered
id_q 10 variable is 0 - mutex optimisation triggered
id_q 11 variable is 2 - applying additional context for persistent fact
    added context: (10, 11): val 1, 
id_q 12 variable is 2 - persistent fact not yet applicable, storing for later
id_q 13 variable is 3 - persistent fact not yet applicable, storing for later
id_q 14 variable is 3 - applying additional context for persistent fact
    added context: (10, 14): val 1, 

Applying the action itself: added (10, 10): val 1, 

Action 12 has k as precondition. Unsat was 1 and decremented to 0, so we apply the action

id_q 0 variable is 4 - mutex optimisation triggered
id_q 1 variable is 4 - mutex optimisation triggered
id_q 2 variable is 4 - mutex optimisation triggered
id_q 3 variable is 4 - mutex optimisation triggered
id_q 4 variable is 4 - mutex optimisation triggered
id_q 5 variable is 1 - applying additional context for persistent fact
    added context: (1, 5): val 1, (13, 5): val 1, 
id_q 6 variable is 1 - applying additional context for persistent fact
    added context: (1, 6): val 1, (13, 6): val 1, 
id_q 7 variable is 1 - applying additional context for persistent fact
    added context: (1, 7): val 1, (13, 7): val 1, 
id_q 8 variable is 0 - mutex with precondition
id_q 9 variable is 0 - applying additional context for prevail fact
    added context: (1, 9): val 1, (13, 9): val 1, 
id_q 10 variable is 0 - mutex with precondition
id_q 11 variable is 2 - applying additional context for persistent fact
    added context: (1, 11): val 1, (13, 11): val 1, 
id_q 12 variable is 2 - persistent fact not yet applicable, storing for later
id_q 13 variable is 3 - mutex optimisation triggered
id_q 14 variable is 3 - mutex optimisation triggered

Applying the action itself: added (1, 1): val 1, (1, 13): val 1, (13, 13): val 1, 

Action 18 has k as precondition. Unsat was 6 and decremented to 5

--------------------------------
ITERATION 16: Length of C: 37
Popped element k with id 13 and h-value of 1. k is a singleton fact.

Action 17 has k as precondition. Unsat was 6 and decremented to 5

Action 18 has k as precondition. Unsat was 5 and decremented to 4

Action 19 has k as precondition. Unsat was 6 and decremented to 5

Persistent fact found for k=13! Applying additional context.
    added context: 
Persistent fact found for k=13! Applying additional context.
    added context: 
Persistent fact found for k=13! Applying additional context.
    added context: (8, 13): val 2, 
Persistent fact found for k=13! Applying additional context.
    added context: (10, 13): val 2, 
--------------------------------
ITERATION 17: Length of C: 38
Popped element k with id 44 and h-value of 1. k is a pair of facts (1,13)

Action 18 has k as precondition. Unsat was 4 and decremented to 3

Persistent fact found for f=1! Applying additional context.
    added context: 
Persistent fact found for f=1! Applying additional context.
    added context: 
Persistent fact found for f=1! Applying additional context.
    added context: (8, 1): val 2, 
Persistent fact found for f=1! Applying additional context.
    added context: (10, 1): val 2, 
--------------------------------
ITERATION 18: Length of C: 39
Popped element k with id 1 and h-value of 1. k is a singleton fact.

Action 15 has k as precondition. Unsat was 3 and decremented to 2

Action 18 has k as precondition. Unsat was 3 and decremented to 2

--------------------------------
ITERATION 19: Length of C: 38
Popped element k with id 139 and h-value of 1. k is a pair of facts (11,13)

--------------------------------
ITERATION 20: Length of C: 37
Popped element k with id 42 and h-value of 1. k is a pair of facts (1,11)

Action 15 has k as precondition. Unsat was 2 and decremented to 1

--------------------------------
ITERATION 21: Length of C: 36
Popped element k with id 128 and h-value of 1. k is a pair of facts (9,13)

Action 18 has k as precondition. Unsat was 2 and decremented to 1

--------------------------------
ITERATION 22: Length of C: 35
Popped element k with id 40 and h-value of 1. k is a pair of facts (1,9)

Action 18 has k as precondition. Unsat was 1 and decremented to 0, so we apply the action

id_q 0 variable is 4 - mutex optimisation triggered
id_q 1 variable is 4 - mutex optimisation triggered
id_q 2 variable is 4 - mutex optimisation triggered
id_q 3 variable is 4 - mutex optimisation triggered
id_q 4 variable is 4 - mutex optimisation triggered
id_q 5 variable is 1 - applying additional context for persistent fact
    added context: 
id_q 6 variable is 1 - applying additional context for persistent fact
    added context: 
id_q 7 variable is 1 - applying additional context for persistent fact
    added context: 
id_q 8 variable is 0 - mutex with precondition
id_q 9 variable is 0 - applying additional context for prevail fact
    added context: 
id_q 10 variable is 0 - mutex with precondition
id_q 11 variable is 2 - applying additional context for persistent fact
    added context: 
id_q 12 variable is 2 - persistent fact not yet applicable, storing for later
id_q 13 variable is 3 - mutex optimisation triggered
id_q 14 variable is 3 - mutex optimisation triggered

Applying the action itself: added 

--------------------------------
ITERATION 23: Length of C: 34
Popped element k with id 113 and h-value of 1. k is a pair of facts (7,13)

--------------------------------
ITERATION 24: Length of C: 33
Popped element k with id 38 and h-value of 1. k is a pair of facts (1,7)

--------------------------------
ITERATION 25: Length of C: 32
Popped element k with id 104 and h-value of 1. k is a pair of facts (6,13)

--------------------------------
ITERATION 26: Length of C: 31
Popped element k with id 37 and h-value of 1. k is a pair of facts (1,6)

Action 15 has k as precondition. Unsat was 1 and decremented to 0, so we apply the action

id_q 0 variable is 4 - mutex optimisation triggered
id_q 1 variable is 4 - mutex optimisation triggered
id_q 2 variable is 4 - mutex optimisation triggered
id_q 3 variable is 4 - mutex optimisation triggered
id_q 4 variable is 4 - mutex optimisation triggered
id_q 5 variable is 1 - mutex with precondition
id_q 6 variable is 1 - applying additional context for prevail fact
    added context: (3, 6): val 2, (12, 6): val 2, 
id_q 7 variable is 1 - mutex with precondition
id_q 8 variable is 0 - applying additional context for persistent fact
    added context: (3, 8): val 2, (12, 8): val 2, 
id_q 9 variable is 0 - applying additional context for persistent fact
    added context: (3, 9): val 2, (12, 9): val 2, 
id_q 10 variable is 0 - applying additional context for persistent fact
    added context: (3, 10): val 2, (12, 10): val 2, 
id_q 11 variable is 2 - mutex optimisation triggered
id_q 12 variable is 2 - mutex optimisation triggered
id_q 13 variable is 3 - applying additional context for persistent fact
    added context: (3, 13): val 2, (12, 13): val 2, 
id_q 14 variable is 3 - persistent fact not yet applicable, storing for later

Applying the action itself: added (3, 3): val 2, (3, 12): val 2, (12, 12): val 2, 

--------------------------------
ITERATION 27: Length of C: 43
Popped element k with id 94 and h-value of 1. k is a pair of facts (5,13)

--------------------------------
ITERATION 28: Length of C: 42
Popped element k with id 36 and h-value of 1. k is a pair of facts (1,5)

--------------------------------
ITERATION 29: Length of C: 41
Popped element k with id 10 and h-value of 1. k is a singleton fact.

Action 7 has k as precondition. Unsat was 1 and decremented to 0, so we apply the action

id_q 0 variable is 4 - persistent fact not yet applicable, storing for later
id_q 1 variable is 4 - applying additional context for persistent fact
    added context: 
id_q 2 variable is 4 - persistent fact not yet applicable, storing for later
id_q 3 variable is 4 - applying additional context for persistent fact
    added context: 
id_q 4 variable is 4 - applying additional context for persistent fact
    added context: 
id_q 5 variable is 1 - applying additional context for persistent fact
    added context: 
id_q 6 variable is 1 - applying additional context for persistent fact
    added context: 
id_q 7 variable is 1 - applying additional context for persistent fact
    added context: 
id_q 8 variable is 0 - mutex optimisation triggered
id_q 9 variable is 0 - mutex optimisation triggered
id_q 10 variable is 0 - mutex optimisation triggered
id_q 11 variable is 2 - applying additional context for persistent fact
    added context: 
id_q 12 variable is 2 - applying additional context for persistent fact
    added context: 
id_q 13 variable is 3 - applying additional context for persistent fact
    added context: 
id_q 14 variable is 3 - applying additional context for persistent fact
    added context: 

Applying the action itself: added 

Action 13 has k as precondition. Unsat was 2 and decremented to 1

Action 19 has k as precondition. Unsat was 5 and decremented to 4

Action 20 has k as precondition. Unsat was 5 and decremented to 4

Persistent fact found for k=10! Applying additional context.
    added context: 
Persistent fact found for k=10! Applying additional context.
    added context: 
--------------------------------
ITERATION 30: Length of C: 40
Popped element k with id 135 and h-value of 1. k is a pair of facts (10,14)

--------------------------------
ITERATION 31: Length of C: 39
Popped element k with id 132 and h-value of 1. k is a pair of facts (10,11)

--------------------------------
ITERATION 32: Length of C: 38
Popped element k with id 110 and h-value of 1. k is a pair of facts (7,10)

--------------------------------
ITERATION 33: Length of C: 37
Popped element k with id 101 and h-value of 1. k is a pair of facts (6,10)

Action 20 has k as precondition. Unsat was 4 and decremented to 3

--------------------------------
ITERATION 34: Length of C: 36
Popped element k with id 91 and h-value of 1. k is a pair of facts (5,10)

--------------------------------
ITERATION 35: Length of C: 35
Popped element k with id 80 and h-value of 1. k is a pair of facts (4,10)

Action 13 has k as precondition. Unsat was 1 and decremented to 0, so we apply the action

id_q 0 variable is 4 - mutex optimisation triggered
id_q 1 variable is 4 - mutex optimisation triggered
id_q 2 variable is 4 - mutex optimisation triggered
id_q 3 variable is 4 - mutex optimisation triggered
id_q 4 variable is 4 - mutex optimisation triggered
id_q 5 variable is 1 - applying additional context for persistent fact
    added context: (2, 5): val 2, 
id_q 6 variable is 1 - applying additional context for persistent fact
    added context: (2, 6): val 2, 
id_q 7 variable is 1 - applying additional context for persistent fact
    added context: (2, 7): val 2, 
id_q 8 variable is 0 - mutex with precondition
id_q 9 variable is 0 - mutex with precondition
id_q 10 variable is 0 - applying additional context for prevail fact
    added context: (2, 10): val 2, 
id_q 11 variable is 2 - applying additional context for persistent fact
    added context: (2, 11): val 2, 
id_q 12 variable is 2 - persistent fact not yet applicable, storing for later
id_q 13 variable is 3 - mutex optimisation triggered
id_q 14 variable is 3 - mutex optimisation triggered

Applying the action itself: added (2, 2): val 2, (2, 13): val 2, 

--------------------------------
ITERATION 36: Length of C: 41
Popped element k with id 8 and h-value of 1. k is a singleton fact.

Action 4 has k as precondition. Unsat was 1 and decremented to 0, so we apply the action

id_q 0 variable is 4 - persistent fact not yet applicable, storing for later
id_q 1 variable is 4 - applying additional context for persistent fact
    added context: 
id_q 2 variable is 4 - persistent fact not yet applicable, storing for later
id_q 3 variable is 4 - applying additional context for persistent fact
    added context: 
id_q 4 variable is 4 - applying additional context for persistent fact
    added context: 
id_q 5 variable is 1 - applying additional context for persistent fact
    added context: 
id_q 6 variable is 1 - applying additional context for persistent fact
    added context: 
id_q 7 variable is 1 - applying additional context for persistent fact
    added context: 
id_q 8 variable is 0 - mutex optimisation triggered
id_q 9 variable is 0 - mutex optimisation triggered
id_q 10 variable is 0 - mutex optimisation triggered
id_q 11 variable is 2 - applying additional context for persistent fact
    added context: 
id_q 12 variable is 2 - applying additional context for persistent fact
    added context: 
id_q 13 variable is 3 - applying additional context for persistent fact
    added context: 
id_q 14 variable is 3 - applying additional context for persistent fact
    added context: 

Applying the action itself: added 

Action 11 has k as precondition. Unsat was 2 and decremented to 1

Action 17 has k as precondition. Unsat was 5 and decremented to 4

Persistent fact found for k=8! Applying additional context.
    added context: 
Persistent fact found for k=8! Applying additional context.
    added context: 
--------------------------------
ITERATION 37: Length of C: 40
Popped element k with id 122 and h-value of 1. k is a pair of facts (8,14)

--------------------------------
ITERATION 38: Length of C: 39
Popped element k with id 119 and h-value of 1. k is a pair of facts (8,11)

--------------------------------
ITERATION 39: Length of C: 38
Popped element k with id 108 and h-value of 1. k is a pair of facts (7,8)

--------------------------------
ITERATION 40: Length of C: 37
Popped element k with id 99 and h-value of 1. k is a pair of facts (6,8)

--------------------------------
ITERATION 41: Length of C: 36
Popped element k with id 89 and h-value of 1. k is a pair of facts (5,8)

--------------------------------
ITERATION 42: Length of C: 35
Popped element k with id 78 and h-value of 1. k is a pair of facts (4,8)

Action 11 has k as precondition. Unsat was 1 and decremented to 0, so we apply the action

id_q 0 variable is 4 - mutex optimisation triggered
id_q 1 variable is 4 - mutex optimisation triggered
id_q 2 variable is 4 - mutex optimisation triggered
id_q 3 variable is 4 - mutex optimisation triggered
id_q 4 variable is 4 - mutex optimisation triggered
id_q 5 variable is 1 - applying additional context for persistent fact
    added context: (0, 5): val 2, 
id_q 6 variable is 1 - applying additional context for persistent fact
    added context: (0, 6): val 2, 
id_q 7 variable is 1 - applying additional context for persistent fact
    added context: (0, 7): val 2, 
id_q 8 variable is 0 - applying additional context for prevail fact
    added context: (0, 8): val 2, 
id_q 9 variable is 0 - mutex with precondition
id_q 10 variable is 0 - mutex with precondition
id_q 11 variable is 2 - applying additional context for persistent fact
    added context: (0, 11): val 2, 
id_q 12 variable is 2 - persistent fact not yet applicable, storing for later
id_q 13 variable is 3 - mutex optimisation triggered
id_q 14 variable is 3 - mutex optimisation triggered

Applying the action itself: added (0, 0): val 2, (0, 13): val 2, 

--------------------------------
ITERATION 43: Length of C: 41
Popped element k with id 7 and h-value of 1. k is a singleton fact.

Action 3 has k as precondition. Unsat was 1 and decremented to 0, so we apply the action

id_q 0 variable is 4 - applying additional context for persistent fact
    added context: 
id_q 1 variable is 4 - applying additional context for persistent fact
    added context: 
id_q 2 variable is 4 - applying additional context for persistent fact
    added context: 
id_q 3 variable is 4 - persistent fact not yet applicable, storing for later
id_q 4 variable is 4 - applying additional context for persistent fact
    added context: 
id_q 5 variable is 1 - mutex optimisation triggered
id_q 6 variable is 1 - mutex optimisation triggered
id_q 7 variable is 1 - mutex optimisation triggered
id_q 8 variable is 0 - applying additional context for persistent fact
    added context: 
id_q 9 variable is 0 - applying additional context for persistent fact
    added context: 
id_q 10 variable is 0 - applying additional context for persistent fact
    added context: 
id_q 11 variable is 2 - applying additional context for persistent fact
    added context: 
id_q 12 variable is 2 - persistent fact not yet applicable, storing for later
id_q 13 variable is 3 - applying additional context for persistent fact
    added context: 
id_q 14 variable is 3 - applying additional context for persistent fact
    added context: 

Applying the action itself: added 

Action 10 has k as precondition. Unsat was 3 and decremented to 2

Action 16 has k as precondition. Unsat was 5 and decremented to 4

--------------------------------
ITERATION 44: Length of C: 40
Popped element k with id 114 and h-value of 1. k is a pair of facts (7,14)

--------------------------------
ITERATION 45: Length of C: 39
Popped element k with id 111 and h-value of 1. k is a pair of facts (7,11)

Action 16 has k as precondition. Unsat was 4 and decremented to 3

--------------------------------
ITERATION 46: Length of C: 38
Popped element k with id 109 and h-value of 1. k is a pair of facts (7,9)

--------------------------------
ITERATION 47: Length of C: 37
Popped element k with id 77 and h-value of 1. k is a pair of facts (4,7)

--------------------------------
ITERATION 48: Length of C: 36
Popped element k with id 5 and h-value of 1. k is a singleton fact.

Action 0 has k as precondition. Unsat was 1 and decremented to 0, so we apply the action

id_q 0 variable is 4 - applying additional context for persistent fact
    added context: 
id_q 1 variable is 4 - applying additional context for persistent fact
    added context: 
id_q 2 variable is 4 - applying additional context for persistent fact
    added context: 
id_q 3 variable is 4 - persistent fact not yet applicable, storing for later
id_q 4 variable is 4 - applying additional context for persistent fact
    added context: 
id_q 5 variable is 1 - mutex optimisation triggered
id_q 6 variable is 1 - mutex optimisation triggered
id_q 7 variable is 1 - mutex optimisation triggered
id_q 8 variable is 0 - applying additional context for persistent fact
    added context: 
id_q 9 variable is 0 - applying additional context for persistent fact
    added context: 
id_q 10 variable is 0 - applying additional context for persistent fact
    added context: 
id_q 11 variable is 2 - applying additional context for persistent fact
    added context: 
id_q 12 variable is 2 - persistent fact not yet applicable, storing for later
id_q 13 variable is 3 - applying additional context for persistent fact
    added context: 
id_q 14 variable is 3 - applying additional context for persistent fact
    added context: 

Applying the action itself: added 

Action 8 has k as precondition. Unsat was 3 and decremented to 2

Action 14 has k as precondition. Unsat was 5 and decremented to 4

--------------------------------
ITERATION 49: Length of C: 35
Popped element k with id 95 and h-value of 1. k is a pair of facts (5,14)

--------------------------------
ITERATION 50: Length of C: 34
Popped element k with id 92 and h-value of 1. k is a pair of facts (5,11)

Action 14 has k as precondition. Unsat was 4 and decremented to 3

--------------------------------
ITERATION 51: Length of C: 33
Popped element k with id 90 and h-value of 1. k is a pair of facts (5,9)

--------------------------------
ITERATION 52: Length of C: 32
Popped element k with id 75 and h-value of 1. k is a pair of facts (4,5)

--------------------------------
ITERATION 53: Length of C: 31
Popped element k with id 29 and h-value of 2. k is a pair of facts (0,13)

Action 17 has k as precondition. Unsat was 4 and decremented to 3

Persistent fact found for f=0! Applying additional context.
    added context: 
Persistent fact found for f=0! Applying additional context.
    added context: 
Persistent fact found for f=0! Applying additional context.
    added context: (9, 0): val 3, 
Persistent fact found for f=0! Applying additional context.
    added context: 
Persistent fact found for f=0! Applying additional context.
    added context: (10, 0): val 3, 
Persistent fact found for f=0! Applying additional context.
    added context: 
--------------------------------
ITERATION 54: Length of C: 32
Popped element k with id 0 and h-value of 2. k is a singleton fact.

Action 14 has k as precondition. Unsat was 3 and decremented to 2

Action 17 has k as precondition. Unsat was 3 and decremented to 2

--------------------------------
ITERATION 55: Length of C: 31
Popped element k with id 27 and h-value of 2. k is a pair of facts (0,11)

Action 14 has k as precondition. Unsat was 2 and decremented to 1

--------------------------------
ITERATION 56: Length of C: 30
Popped element k with id 24 and h-value of 2. k is a pair of facts (0,8)

Action 17 has k as precondition. Unsat was 2 and decremented to 1

--------------------------------
ITERATION 57: Length of C: 29
Popped element k with id 23 and h-value of 2. k is a pair of facts (0,7)

--------------------------------
ITERATION 58: Length of C: 28
Popped element k with id 22 and h-value of 2. k is a pair of facts (0,6)

--------------------------------
ITERATION 59: Length of C: 27
Popped element k with id 21 and h-value of 2. k is a pair of facts (0,5)

Action 14 has k as precondition. Unsat was 1 and decremented to 0, so we apply the action

id_q 0 variable is 4 - mutex optimisation triggered
id_q 1 variable is 4 - mutex optimisation triggered
id_q 2 variable is 4 - mutex optimisation triggered
id_q 3 variable is 4 - mutex optimisation triggered
id_q 4 variable is 4 - mutex optimisation triggered
id_q 5 variable is 1 - applying additional context for prevail fact
    added context: (3, 5): val 3, (12, 5): val 3, 
id_q 6 variable is 1 - mutex with precondition
id_q 7 variable is 1 - mutex with precondition
id_q 8 variable is 0 - applying additional context for persistent fact
    added context: 
id_q 9 variable is 0 - applying additional context for persistent fact
    added context: 
id_q 10 variable is 0 - applying additional context for persistent fact
    added context: 
id_q 11 variable is 2 - mutex optimisation triggered
id_q 12 variable is 2 - mutex optimisation triggered
id_q 13 variable is 3 - applying additional context for persistent fact
    added context: 
id_q 14 variable is 3 - persistent fact not yet applicable, storing for later

Applying the action itself: added 

--------------------------------
ITERATION 60: Length of C: 28
Popped element k with id 58 and h-value of 2. k is a pair of facts (2,13)

Action 19 has k as precondition. Unsat was 4 and decremented to 3

Persistent fact found for f=2! Applying additional context.
    added context: 
Persistent fact found for f=2! Applying additional context.
    added context: 
Persistent fact found for f=2! Applying additional context.
    added context: (9, 2): val 3, 
--------------------------------
ITERATION 61: Length of C: 28
Popped element k with id 2 and h-value of 2. k is a singleton fact.

Action 16 has k as precondition. Unsat was 3 and decremented to 2

Action 19 has k as precondition. Unsat was 3 and decremented to 2

Action 20 has k as precondition. Unsat was 3 and decremented to 2

Persistent fact found for k=2! Applying additional context.
    added context: (8, 2): val 3, 
Persistent fact found for k=2! Applying additional context.
    added context: 
--------------------------------
ITERATION 62: Length of C: 28
Popped element k with id 56 and h-value of 2. k is a pair of facts (2,11)

Action 16 has k as precondition. Unsat was 2 and decremented to 1

Persistent fact found for f=2! Applying additional context.
    added context: 
--------------------------------
ITERATION 63: Length of C: 27
Popped element k with id 55 and h-value of 2. k is a pair of facts (2,10)

Action 19 has k as precondition. Unsat was 2 and decremented to 1

Action 20 has k as precondition. Unsat was 2 and decremented to 1

--------------------------------
ITERATION 64: Length of C: 26
Popped element k with id 52 and h-value of 2. k is a pair of facts (2,7)

Action 16 has k as precondition. Unsat was 1 and decremented to 0, so we apply the action

id_q 0 variable is 4 - mutex optimisation triggered
id_q 1 variable is 4 - mutex optimisation triggered
id_q 2 variable is 4 - mutex optimisation triggered
id_q 3 variable is 4 - mutex optimisation triggered
id_q 4 variable is 4 - mutex optimisation triggered
id_q 5 variable is 1 - mutex with precondition
id_q 6 variable is 1 - mutex with precondition
id_q 7 variable is 1 - applying additional context for prevail fact
    added context: (3, 7): val 3, (12, 7): val 3, 
id_q 8 variable is 0 - applying additional context for persistent fact
    added context: 
id_q 9 variable is 0 - applying additional context for persistent fact
    added context: 
id_q 10 variable is 0 - applying additional context for persistent fact
    added context: 
id_q 11 variable is 2 - mutex optimisation triggered
id_q 12 variable is 2 - mutex optimisation triggered
id_q 13 variable is 3 - applying additional context for persistent fact
    added context: 
id_q 14 variable is 3 - persistent fact not yet applicable, storing for later

Applying the action itself: added 

--------------------------------
ITERATION 65: Length of C: 27
Popped element k with id 51 and h-value of 2. k is a pair of facts (2,6)

Action 20 has k as precondition. Unsat was 1 and decremented to 0, so we apply the action

op_goal, so we add fact_goal to the queue

--------------------------------
ITERATION 66: Length of C: 27
Popped element k with id 15 and h-value of 2.

Found goal! k = 15
Returning heuristic value: 2



STARTING HEURISTIC COMPUTATION:

--------------------------------
ITERATION 0: Length of C: 16
Popped element k with id 16 and h-value of 0. k is a singleton fact.

--------------------------------
ITERATION 1: Length of C: 15
Popped element k with id 4 and h-value of 0. k is a singleton fact.

Action 11 has k as precondition. Unsat was 3 and decremented to 2

Action 12 has k as precondition. Unsat was 3 and decremented to 2

Action 13 has k as precondition. Unsat was 3 and decremented to 2

--------------------------------
ITERATION 2: Length of C: 14
Popped element k with id 84 and h-value of 0. k is a pair of facts (4,14)

--------------------------------
ITERATION 3: Length of C: 13
Popped element k with id 14 and h-value of 0. k is a singleton fact.

--------------------------------
ITERATION 4: Length of C: 12
Popped element k with id 81 and h-value of 0. k is a pair of facts (4,11)

--------------------------------
ITERATION 5: Length of C: 11
Popped element k with id 140 and h-value of 0. k is a pair of facts (11,14)

--------------------------------
ITERATION 6: Length of C: 10
Popped element k with id 11 and h-value of 0. k is a singleton fact.

Action 14 has k as precondition. Unsat was 6 and decremented to 5

Action 15 has k as precondition. Unsat was 6 and decremented to 5

Action 16 has k as precondition. Unsat was 6 and decremented to 5

--------------------------------
ITERATION 7: Length of C: 9
Popped element k with id 75 and h-value of 0. k is a pair of facts (4,5)

--------------------------------
ITERATION 8: Length of C: 8
Popped element k with id 95 and h-value of 0. k is a pair of facts (5,14)

--------------------------------
ITERATION 9: Length of C: 7
Popped element k with id 92 and h-value of 0. k is a pair of facts (5,11)

Action 14 has k as precondition. Unsat was 5 and decremented to 4

--------------------------------
ITERATION 10: Length of C: 6
Popped element k with id 5 and h-value of 0. k is a singleton fact.

Action 0 has k as precondition. Unsat was 1 and decremented to 0, so we apply the action

id_q 0 variable is 4 - persistent fact not yet applicable, storing for later
id_q 1 variable is 4 - persistent fact not yet applicable, storing for later
id_q 2 variable is 4 - persistent fact not yet applicable, storing for later
id_q 3 variable is 4 - persistent fact not yet applicable, storing for later
id_q 4 variable is 4 - applying additional context for persistent fact
    added context: (6, 4): val 1, 
id_q 5 variable is 1 - mutex optimisation triggered
id_q 6 variable is 1 - mutex optimisation triggered
id_q 7 variable is 1 - mutex optimisation triggered
id_q 8 variable is 0 - applying additional context for persistent fact
    added context: (6, 8): val 1, 
id_q 9 variable is 0 - persistent fact not yet applicable, storing for later
id_q 10 variable is 0 - persistent fact not yet applicable, storing for later
id_q 11 variable is 2 - applying additional context for persistent fact
    added context: (6, 11): val 1, 
id_q 12 variable is 2 - persistent fact not yet applicable, storing for later
id_q 13 variable is 3 - persistent fact not yet applicable, storing for later
id_q 14 variable is 3 - applying additional context for persistent fact
    added context: (6, 14): val 1, 

Applying the action itself: added (6, 6): val 1, 

Action 8 has k as precondition. Unsat was 3 and decremented to 2

Action 14 has k as precondition. Unsat was 4 and decremented to 3

--------------------------------
ITERATION 11: Length of C: 10
Popped element k with id 78 and h-value of 0. k is a pair of facts (4,8)

Action 11 has k as precondition. Unsat was 2 and decremented to 1

--------------------------------
ITERATION 12: Length of C: 9
Popped element k with id 122 and h-value of 0. k is a pair of facts (8,14)

--------------------------------
ITERATION 13: Length of C: 8
Popped element k with id 119 and h-value of 0. k is a pair of facts (8,11)

--------------------------------
ITERATION 14: Length of C: 7
Popped element k with id 89 and h-value of 0. k is a pair of facts (5,8)

--------------------------------
ITERATION 15: Length of C: 6
Popped element k with id 8 and h-value of 0. k is a singleton fact.

Action 4 has k as precondition. Unsat was 1 and decremented to 0, so we apply the action

id_q 0 variable is 4 - persistent fact not yet applicable, storing for later
id_q 1 variable is 4 - persistent fact not yet applicable, storing for later
id_q 2 variable is 4 - persistent fact not yet applicable, storing for later
id_q 3 variable is 4 - persistent fact not yet applicable, storing for later
id_q 4 variable is 4 - applying additional context for persistent fact
    added context: (9, 4): val 1, 
id_q 5 variable is 1 - applying additional context for persistent fact
    added context: (9, 5): val 1, 
id_q 6 variable is 1 - applying additional context for persistent fact
    added context: (9, 6): val 1, 
id_q 7 variable is 1 - persistent fact not yet applicable, storing for later
id_q 8 variable is 0 - mutex optimisation triggered
id_q 9 variable is 0 - mutex optimisation triggered
id_q 10 variable is 0 - mutex optimisation triggered
id_q 11 variable is 2 - applying additional context for persistent fact
    added context: (9, 11): val 1, 
id_q 12 variable is 2 - persistent fact not yet applicable, storing for later
id_q 13 variable is 3 - persistent fact not yet applicable, storing for later
id_q 14 variable is 3 - applying additional context for persistent fact
    added context: (9, 14): val 1, 

Applying the action itself: added (9, 9): val 1, 

Action 11 has k as precondition. Unsat was 1 and decremented to 0, so we apply the action

id_q 0 variable is 4 - mutex optimisation triggered
id_q 1 variable is 4 - mutex optimisation triggered
id_q 2 variable is 4 - mutex optimisation triggered
id_q 3 variable is 4 - mutex optimisation triggered
id_q 4 variable is 4 - mutex optimisation triggered
id_q 5 variable is 1 - applying additional context for persistent fact
    added context: (0, 5): val 1, (13, 5): val 1, 
id_q 6 variable is 1 - applying additional context for persistent fact
    added context: (0, 6): val 1, (13, 6): val 1, 
id_q 7 variable is 1 - persistent fact not yet applicable, storing for later
id_q 8 variable is 0 - applying additional context for prevail fact
    added context: (0, 8): val 1, (13, 8): val 1, 
id_q 9 variable is 0 - mutex with precondition
id_q 10 variable is 0 - mutex with precondition
id_q 11 variable is 2 - applying additional context for persistent fact
    added context: (0, 11): val 1, (13, 11): val 1, 
id_q 12 variable is 2 - persistent fact not yet applicable, storing for later
id_q 13 variable is 3 - mutex optimisation triggered
id_q 14 variable is 3 - mutex optimisation triggered

Applying the action itself: added (0, 0): val 1, (0, 13): val 1, (13, 13): val 1, 

Action 17 has k as precondition. Unsat was 6 and decremented to 5

--------------------------------
ITERATION 16: Length of C: 22
Popped element k with id 13 and h-value of 1. k is a singleton fact.

Action 17 has k as precondition. Unsat was 5 and decremented to 4

Action 18 has k as precondition. Unsat was 6 and decremented to 5

Action 19 has k as precondition. Unsat was 6 and decremented to 5

Persistent fact found for k=13! Applying additional context.
    added context: 
Persistent fact found for k=13! Applying additional context.
    added context: (9, 13): val 2, 
--------------------------------
ITERATION 17: Length of C: 22
Popped element k with id 29 and h-value of 1. k is a pair of facts (0,13)

Action 17 has k as precondition. Unsat was 4 and decremented to 3

Persistent fact found for f=0! Applying additional context.
    added context: 
Persistent fact found for f=0! Applying additional context.
    added context: (9, 0): val 2, 
--------------------------------
ITERATION 18: Length of C: 22
Popped element k with id 0 and h-value of 1. k is a singleton fact.

Action 14 has k as precondition. Unsat was 3 and decremented to 2

Action 17 has k as precondition. Unsat was 3 and decremented to 2

--------------------------------
ITERATION 19: Length of C: 21
Popped element k with id 139 and h-value of 1. k is a pair of facts (11,13)

--------------------------------
ITERATION 20: Length of C: 20
Popped element k with id 27 and h-value of 1. k is a pair of facts (0,11)

Action 14 has k as precondition. Unsat was 2 and decremented to 1

--------------------------------
ITERATION 21: Length of C: 19
Popped element k with id 121 and h-value of 1. k is a pair of facts (8,13)

Action 17 has k as precondition. Unsat was 2 and decremented to 1

--------------------------------
ITERATION 22: Length of C: 18
Popped element k with id 24 and h-value of 1. k is a pair of facts (0,8)

Action 17 has k as precondition. Unsat was 1 and decremented to 0, so we apply the action

id_q 0 variable is 4 - mutex optimisation triggered
id_q 1 variable is 4 - mutex optimisation triggered
id_q 2 variable is 4 - mutex optimisation triggered
id_q 3 variable is 4 - mutex optimisation triggered
id_q 4 variable is 4 - mutex optimisation triggered
id_q 5 variable is 1 - applying additional context for persistent fact
    added context: 
id_q 6 variable is 1 - applying additional context for persistent fact
    added context: 
id_q 7 variable is 1 - persistent fact not yet applicable, storing for later
id_q 8 variable is 0 - applying additional context for prevail fact
    added context: 
id_q 9 variable is 0 - mutex with precondition
id_q 10 variable is 0 - mutex with precondition
id_q 11 variable is 2 - applying additional context for persistent fact
    added context: 
id_q 12 variable is 2 - persistent fact not yet applicable, storing for later
id_q 13 variable is 3 - mutex optimisation triggered
id_q 14 variable is 3 - mutex optimisation triggered

Applying the action itself: added 

--------------------------------
ITERATION 23: Length of C: 17
Popped element k with id 104 and h-value of 1. k is a pair of facts (6,13)

--------------------------------
ITERATION 24: Length of C: 16
Popped element k with id 22 and h-value of 1. k is a pair of facts (0,6)

--------------------------------
ITERATION 25: Length of C: 15
Popped element k with id 94 and h-value of 1. k is a pair of facts (5,13)

--------------------------------
ITERATION 26: Length of C: 14
Popped element k with id 21 and h-value of 1. k is a pair of facts (0,5)

Action 14 has k as precondition. Unsat was 1 and decremented to 0, so we apply the action

id_q 0 variable is 4 - mutex optimisation triggered
id_q 1 variable is 4 - mutex optimisation triggered
id_q 2 variable is 4 - mutex optimisation triggered
id_q 3 variable is 4 - mutex optimisation triggered
id_q 4 variable is 4 - mutex optimisation triggered
id_q 5 variable is 1 - applying additional context for prevail fact
    added context: (3, 5): val 2, (12, 5): val 2, 
id_q 6 variable is 1 - mutex with precondition
id_q 7 variable is 1 - mutex with precondition
id_q 8 variable is 0 - applying additional context for persistent fact
    added context: (3, 8): val 2, (12, 8): val 2, 
id_q 9 variable is 0 - applying additional context for persistent fact
    added context: (3, 9): val 2, (12, 9): val 2, 
id_q 10 variable is 0 - persistent fact not yet applicable, storing for later
id_q 11 variable is 2 - mutex optimisation triggered
id_q 12 variable is 2 - mutex optimisation triggered
id_q 13 variable is 3 - applying additional context for persistent fact
    added context: (3, 13): val 2, (12, 13): val 2, 
id_q 14 variable is 3 - persistent fact not yet applicable, storing for later

Applying the action itself: added (3, 3): val 2, (3, 12): val 2, (12, 12): val 2, 

--------------------------------
ITERATION 27: Length of C: 24
Popped element k with id 9 and h-value of 1. k is a singleton fact.

Action 5 has k as precondition. Unsat was 1 and decremented to 0, so we apply the action

id_q 0 variable is 4 - applying additional context for persistent fact
    added context: 
id_q 1 variable is 4 - persistent fact not yet applicable, storing for later
id_q 2 variable is 4 - persistent fact not yet applicable, storing for later
id_q 3 variable is 4 - applying additional context for persistent fact
    added context: 
id_q 4 variable is 4 - applying additional context for persistent fact
    added context: 
id_q 5 variable is 1 - applying additional context for persistent fact
    added context: 
id_q 6 variable is 1 - applying additional context for persistent fact
    added context: 
id_q 7 variable is 1 - persistent fact not yet applicable, storing for later
id_q 8 variable is 0 - mutex optimisation triggered
id_q 9 variable is 0 - mutex optimisation triggered
id_q 10 variable is 0 - mutex optimisation triggered
id_q 11 variable is 2 - applying additional context for persistent fact
    added context: 
id_q 12 variable is 2 - applying additional context for persistent fact
    added context: 
id_q 13 variable is 3 - applying additional context for persistent fact
    added context: 
id_q 14 variable is 3 - applying additional context for persistent fact
    added context: 

Applying the action itself: added 

Action 6 has k as precondition. Unsat was 1 and decremented to 0, so we apply the action

id_q 0 variable is 4 - applying additional context for persistent fact
    added context: (10, 0): val 2, 
id_q 1 variable is 4 - persistent fact not yet applicable, storing for later
id_q 2 variable is 4 - persistent fact not yet applicable, storing for later
id_q 3 variable is 4 - applying additional context for persistent fact
    added context: (10, 3): val 2, 
id_q 4 variable is 4 - applying additional context for persistent fact
    added context: (10, 4): val 2, 
id_q 5 variable is 1 - applying additional context for persistent fact
    added context: (10, 5): val 2, 
id_q 6 variable is 1 - applying additional context for persistent fact
    added context: (10, 6): val 2, 
id_q 7 variable is 1 - persistent fact not yet applicable, storing for later
id_q 8 variable is 0 - mutex optimisation triggered
id_q 9 variable is 0 - mutex optimisation triggered
id_q 10 variable is 0 - mutex optimisation triggered
id_q 11 variable is 2 - applying additional context for persistent fact
    added context: (10, 11): val 2, 
id_q 12 variable is 2 - applying additional context for persistent fact
    added context: (10, 12): val 2, 
id_q 13 variable is 3 - applying additional context for persistent fact
    added context: (10, 13): val 2, 
id_q 14 variable is 3 - applying additional context for persistent fact
    added context: (10, 14): val 2, 

Applying the action itself: added (10, 10): val 2, 

Action 12 has k as precondition. Unsat was 2 and decremented to 1

Action 18 has k as precondition. Unsat was 5 and decremented to 4

Persistent fact found for k=9! Applying additional context.
    added context: 
--------------------------------
ITERATION 28: Length of C: 33
Popped element k with id 129 and h-value of 1. k is a pair of facts (9,14)

--------------------------------
ITERATION 29: Length of C: 32
Popped element k with id 126 and h-value of 1. k is a pair of facts (9,11)

--------------------------------
ITERATION 30: Length of C: 31
Popped element k with id 100 and h-value of 1. k is a pair of facts (6,9)

--------------------------------
ITERATION 31: Length of C: 30
Popped element k with id 90 and h-value of 1. k is a pair of facts (5,9)

--------------------------------
ITERATION 32: Length of C: 29
Popped element k with id 79 and h-value of 1. k is a pair of facts (4,9)

Action 12 has k as precondition. Unsat was 1 and decremented to 0, so we apply the action

id_q 0 variable is 4 - mutex optimisation triggered
id_q 1 variable is 4 - mutex optimisation triggered
id_q 2 variable is 4 - mutex optimisation triggered
id_q 3 variable is 4 - mutex optimisation triggered
id_q 4 variable is 4 - mutex optimisation triggered
id_q 5 variable is 1 - applying additional context for persistent fact
    added context: (1, 5): val 2, 
id_q 6 variable is 1 - applying additional context for persistent fact
    added context: (1, 6): val 2, 
id_q 7 variable is 1 - persistent fact not yet applicable, storing for later
id_q 8 variable is 0 - mutex with precondition
id_q 9 variable is 0 - applying additional context for prevail fact
    added context: (1, 9): val 2, 
id_q 10 variable is 0 - mutex with precondition
id_q 11 variable is 2 - applying additional context for persistent fact
    added context: (1, 11): val 2, 
id_q 12 variable is 2 - persistent fact not yet applicable, storing for later
id_q 13 variable is 3 - mutex optimisation triggered
id_q 14 variable is 3 - mutex optimisation triggered

Applying the action itself: added (1, 1): val 2, (1, 13): val 2, 

--------------------------------
ITERATION 33: Length of C: 34
Popped element k with id 6 and h-value of 1. k is a singleton fact.

Action 1 has k as precondition. Unsat was 1 and decremented to 0, so we apply the action

id_q 0 variable is 4 - applying additional context for persistent fact
    added context: 
id_q 1 variable is 4 - applying additional context for persistent fact
    added context: 
id_q 2 variable is 4 - persistent fact not yet applicable, storing for later
id_q 3 variable is 4 - persistent fact not yet applicable, storing for later
id_q 4 variable is 4 - applying additional context for persistent fact
    added context: 
id_q 5 variable is 1 - mutex optimisation triggered
id_q 6 variable is 1 - mutex optimisation triggered
id_q 7 variable is 1 - mutex optimisation triggered
id_q 8 variable is 0 - applying additional context for persistent fact
    added context: 
id_q 9 variable is 0 - applying additional context for persistent fact
    added context: 
id_q 10 variable is 0 - applying additional context for persistent fact
    added context: 
id_q 11 variable is 2 - applying additional context for persistent fact
    added context: 
id_q 12 variable is 2 - persistent fact not yet applicable, storing for later
id_q 13 variable is 3 - applying additional context for persistent fact
    added context: 
id_q 14 variable is 3 - applying additional context for persistent fact
    added context: 

Applying the action itself: added 

Action 2 has k as precondition. Unsat was 1 and decremented to 0, so we apply the action

id_q 0 variable is 4 - applying additional context for persistent fact
    added context: (7, 0): val 2, 
id_q 1 variable is 4 - applying additional context for persistent fact
    added context: (7, 1): val 2, 
id_q 2 variable is 4 - persistent fact not yet applicable, storing for later
id_q 3 variable is 4 - persistent fact not yet applicable, storing for later
id_q 4 variable is 4 - applying additional context for persistent fact
    added context: (7, 4): val 2, 
id_q 5 variable is 1 - mutex optimisation triggered
id_q 6 variable is 1 - mutex optimisation triggered
id_q 7 variable is 1 - mutex optimisation triggered
id_q 8 variable is 0 - applying additional context for persistent fact
    added context: (7, 8): val 2, 
id_q 9 variable is 0 - applying additional context for persistent fact
    added context: (7, 9): val 2, 
id_q 10 variable is 0 - applying additional context for persistent fact
    added context: (7, 10): val 2, 
id_q 11 variable is 2 - applying additional context for persistent fact
    added context: (7, 11): val 2, 
id_q 12 variable is 2 - persistent fact not yet applicable, storing for later
id_q 13 variable is 3 - applying additional context for persistent fact
    added context: (7, 13): val 2, 
id_q 14 variable is 3 - applying additional context for persistent fact
    added context: (7, 14): val 2, 

Applying the action itself: added (7, 7): val 2, 

Action 9 has k as precondition. Unsat was 3 and decremented to 2

Action 15 has k as precondition. Unsat was 5 and decremented to 4

Action 20 has k as precondition. Unsat was 6 and decremented to 5

--------------------------------
ITERATION 34: Length of C: 43
Popped element k with id 105 and h-value of 1. k is a pair of facts (6,14)

--------------------------------
ITERATION 35: Length of C: 42
Popped element k with id 102 and h-value of 1. k is a pair of facts (6,11)

Action 15 has k as precondition. Unsat was 4 and decremented to 3

--------------------------------
ITERATION 36: Length of C: 41
Popped element k with id 99 and h-value of 1. k is a pair of facts (6,8)

--------------------------------
ITERATION 37: Length of C: 40
Popped element k with id 76 and h-value of 1. k is a pair of facts (4,6)

--------------------------------
ITERATION 38: Length of C: 39
Popped element k with id 7 and h-value of 2. k is a singleton fact.

Action 3 has k as precondition. Unsat was 1 and decremented to 0, so we apply the action

id_q 0 variable is 4 - applying additional context for persistent fact
    added context: 
id_q 1 variable is 4 - applying additional context for persistent fact
    added context: 
id_q 2 variable is 4 - persistent fact not yet applicable, storing for later
id_q 3 variable is 4 - persistent fact not yet applicable, storing for later
id_q 4 variable is 4 - applying additional context for persistent fact
    added context: 
id_q 5 variable is 1 - mutex optimisation triggered
id_q 6 variable is 1 - mutex optimisation triggered
id_q 7 variable is 1 - mutex optimisation triggered
id_q 8 variable is 0 - applying additional context for persistent fact
    added context: 
id_q 9 variable is 0 - applying additional context for persistent fact
    added context: 
id_q 10 variable is 0 - applying additional context for persistent fact
    added context: 
id_q 11 variable is 2 - applying additional context for persistent fact
    added context: 
id_q 12 variable is 2 - persistent fact not yet applicable, storing for later
id_q 13 variable is 3 - applying additional context for persistent fact
    added context: 
id_q 14 variable is 3 - applying additional context for persistent fact
    added context: 

Applying the action itself: added 

Action 10 has k as precondition. Unsat was 3 and decremented to 2

Action 16 has k as precondition. Unsat was 5 and decremented to 4

Persistent fact found for k=7! Applying additional context.
    added context: 
Persistent fact found for k=7! Applying additional context.
    added context: 
Persistent fact found for k=7! Applying additional context.
    added context: 
Persistent fact found for k=7! Applying additional context.
    added context: 
Persistent fact found for k=7! Applying additional context.
    added context: 
Persistent fact found for k=7! Applying additional context.
    added context: 
--------------------------------
ITERATION 39: Length of C: 38
Popped element k with id 114 and h-value of 2. k is a pair of facts (7,14)

--------------------------------
ITERATION 40: Length of C: 37
Popped element k with id 113 and h-value of 2. k is a pair of facts (7,13)

--------------------------------
ITERATION 41: Length of C: 36
Popped element k with id 111 and h-value of 2. k is a pair of facts (7,11)

Action 16 has k as precondition. Unsat was 4 and decremented to 3

--------------------------------
ITERATION 42: Length of C: 35
Popped element k with id 110 and h-value of 2. k is a pair of facts (7,10)

Persistent fact found for q=10! Applying additional context.
    added context: 
Persistent fact found for q=10! Applying additional context.
    added context: 
--------------------------------
ITERATION 43: Length of C: 34
Popped element k with id 109 and h-value of 2. k is a pair of facts (7,9)

--------------------------------
ITERATION 44: Length of C: 33
Popped element k with id 108 and h-value of 2. k is a pair of facts (7,8)

--------------------------------
ITERATION 45: Length of C: 32
Popped element k with id 77 and h-value of 2. k is a pair of facts (4,7)

--------------------------------
ITERATION 46: Length of C: 31
Popped element k with id 38 and h-value of 2. k is a pair of facts (1,7)

Persistent fact found for f=1! Applying additional context.
    added context: 
Persistent fact found for f=1! Applying additional context.
    added context: (8, 1): val 3, 
Persistent fact found for f=1! Applying additional context.
    added context: (10, 1): val 3, 
--------------------------------
ITERATION 47: Length of C: 32
Popped element k with id 23 and h-value of 2. k is a pair of facts (0,7)

--------------------------------
ITERATION 48: Length of C: 31
Popped element k with id 44 and h-value of 2. k is a pair of facts (1,13)

Action 18 has k as precondition. Unsat was 4 and decremented to 3

Persistent fact found for f=1! Applying additional context.
    added context: 
--------------------------------
ITERATION 49: Length of C: 30
Popped element k with id 1 and h-value of 2. k is a singleton fact.

Action 15 has k as precondition. Unsat was 3 and decremented to 2

Action 18 has k as precondition. Unsat was 3 and decremented to 2

--------------------------------
ITERATION 50: Length of C: 29
Popped element k with id 42 and h-value of 2. k is a pair of facts (1,11)

Action 15 has k as precondition. Unsat was 2 and decremented to 1

--------------------------------
ITERATION 51: Length of C: 28
Popped element k with id 40 and h-value of 2. k is a pair of facts (1,9)

Action 18 has k as precondition. Unsat was 2 and decremented to 1

--------------------------------
ITERATION 52: Length of C: 27
Popped element k with id 37 and h-value of 2. k is a pair of facts (1,6)

Action 15 has k as precondition. Unsat was 1 and decremented to 0, so we apply the action

id_q 0 variable is 4 - mutex optimisation triggered
id_q 1 variable is 4 - mutex optimisation triggered
id_q 2 variable is 4 - mutex optimisation triggered
id_q 3 variable is 4 - mutex optimisation triggered
id_q 4 variable is 4 - mutex optimisation triggered
id_q 5 variable is 1 - mutex with precondition
id_q 6 variable is 1 - applying additional context for prevail fact
    added context: (3, 6): val 3, (12, 6): val 3, 
id_q 7 variable is 1 - mutex with precondition
id_q 8 variable is 0 - applying additional context for persistent fact
    added context: 
id_q 9 variable is 0 - applying additional context for persistent fact
    added context: 
id_q 10 variable is 0 - applying additional context for persistent fact
    added context: 
id_q 11 variable is 2 - mutex optimisation triggered
id_q 12 variable is 2 - mutex optimisation triggered
id_q 13 variable is 3 - applying additional context for persistent fact
    added context: 
id_q 14 variable is 3 - persistent fact not yet applicable, storing for later

Applying the action itself: added 

--------------------------------
ITERATION 53: Length of C: 28
Popped element k with id 36 and h-value of 2. k is a pair of facts (1,5)

--------------------------------
ITERATION 54: Length of C: 27
Popped element k with id 10 and h-value of 2. k is a singleton fact.

Action 7 has k as precondition. Unsat was 1 and decremented to 0, so we apply the action

id_q 0 variable is 4 - applying additional context for persistent fact
    added context: 
id_q 1 variable is 4 - applying additional context for persistent fact
    added context: 
id_q 2 variable is 4 - persistent fact not yet applicable, storing for later
id_q 3 variable is 4 - applying additional context for persistent fact
    added context: 
id_q 4 variable is 4 - applying additional context for persistent fact
    added context: 
id_q 5 variable is 1 - applying additional context for persistent fact
    added context: 
id_q 6 variable is 1 - applying additional context for persistent fact
    added context: 
id_q 7 variable is 1 - applying additional context for persistent fact
    added context: 
id_q 8 variable is 0 - mutex optimisation triggered
id_q 9 variable is 0 - mutex optimisation triggered
id_q 10 variable is 0 - mutex optimisation triggered
id_q 11 variable is 2 - applying additional context for persistent fact
    added context: 
id_q 12 variable is 2 - applying additional context for persistent fact
    added context: 
id_q 13 variable is 3 - applying additional context for persistent fact
    added context: 
id_q 14 variable is 3 - applying additional context for persistent fact
    added context: 

Applying the action itself: added 

Action 13 has k as precondition. Unsat was 2 and decremented to 1

Action 19 has k as precondition. Unsat was 5 and decremented to 4

Action 20 has k as precondition. Unsat was 5 and decremented to 4

--------------------------------
ITERATION 55: Length of C: 26
Popped element k with id 135 and h-value of 2. k is a pair of facts (10,14)

--------------------------------
ITERATION 56: Length of C: 25
Popped element k with id 134 and h-value of 2. k is a pair of facts (10,13)

Action 19 has k as precondition. Unsat was 4 and decremented to 3

--------------------------------
ITERATION 57: Length of C: 24
Popped element k with id 133 and h-value of 2. k is a pair of facts (10,12)

Persistent fact found for q=12! Applying additional context.
    added context: 
Persistent fact found for q=12! Applying additional context.
    added context: 
Persistent fact found for q=12! Applying additional context.
    added context: (7, 12): val 3, 
Persistent fact found for q=12! Applying additional context.
    added context: 
Persistent fact found for q=12! Applying additional context.
    added context: 
Persistent fact found for q=12! Applying additional context.
    added context: 
Persistent fact found for q=12! Applying additional context.
    added context: 
--------------------------------
ITERATION 58: Length of C: 24
Popped element k with id 132 and h-value of 2. k is a pair of facts (10,11)

--------------------------------
ITERATION 59: Length of C: 23
Popped element k with id 101 and h-value of 2. k is a pair of facts (6,10)

Action 20 has k as precondition. Unsat was 4 and decremented to 3

--------------------------------
ITERATION 60: Length of C: 22
Popped element k with id 91 and h-value of 2. k is a pair of facts (5,10)

--------------------------------
ITERATION 61: Length of C: 21
Popped element k with id 80 and h-value of 2. k is a pair of facts (4,10)

Action 13 has k as precondition. Unsat was 1 and decremented to 0, so we apply the action

id_q 0 variable is 4 - mutex optimisation triggered
id_q 1 variable is 4 - mutex optimisation triggered
id_q 2 variable is 4 - mutex optimisation triggered
id_q 3 variable is 4 - mutex optimisation triggered
id_q 4 variable is 4 - mutex optimisation triggered
id_q 5 variable is 1 - applying additional context for persistent fact
    added context: (2, 5): val 3, 
id_q 6 variable is 1 - applying additional context for persistent fact
    added context: (2, 6): val 3, 
id_q 7 variable is 1 - applying additional context for persistent fact
    added context: (2, 7): val 3, 
id_q 8 variable is 0 - mutex with precondition
id_q 9 variable is 0 - mutex with precondition
id_q 10 variable is 0 - applying additional context for prevail fact
    added context: (2, 10): val 3, 
id_q 11 variable is 2 - applying additional context for persistent fact
    added context: (2, 11): val 3, 
id_q 12 variable is 2 - persistent fact not yet applicable, storing for later
id_q 13 variable is 3 - mutex optimisation triggered
id_q 14 variable is 3 - mutex optimisation triggered

Applying the action itself: added (2, 2): val 3, (2, 13): val 3, 

--------------------------------
ITERATION 62: Length of C: 27
Popped element k with id 68 and h-value of 2. k is a pair of facts (3,10)

Persistent fact found for f=3! Applying additional context.
    added context: 
Persistent fact found for f=3! Applying additional context.
    added context: 
Persistent fact found for f=3! Applying additional context.
    added context: (7, 3): val 3, 
Persistent fact found for f=3! Applying additional context.
    added context: 
Persistent fact found for f=3! Applying additional context.
    added context: 
Persistent fact found for f=3! Applying additional context.
    added context: 
Persistent fact found for f=3! Applying additional context.
    added context: 
--------------------------------
ITERATION 63: Length of C: 27
Popped element k with id 26 and h-value of 2. k is a pair of facts (0,10)

--------------------------------
ITERATION 64: Length of C: 26
Popped element k with id 12 and h-value of 2. k is a singleton fact.

--------------------------------
ITERATION 65: Length of C: 25
Popped element k with id 70 and h-value of 2. k is a pair of facts (3,12)

--------------------------------
ITERATION 66: Length of C: 24
Popped element k with id 3 and h-value of 2. k is a singleton fact.

Action 8 has k as precondition. Unsat was 2 and decremented to 1

Action 9 has k as precondition. Unsat was 2 and decremented to 1

Action 10 has k as precondition. Unsat was 2 and decremented to 1

--------------------------------
ITERATION 67: Length of C: 23
Popped element k with id 143 and h-value of 2. k is a pair of facts (12,13)

--------------------------------
ITERATION 68: Length of C: 22
Popped element k with id 71 and h-value of 2. k is a pair of facts (3,13)

--------------------------------
ITERATION 69: Length of C: 21
Popped element k with id 127 and h-value of 2. k is a pair of facts (9,12)

--------------------------------
ITERATION 70: Length of C: 20
Popped element k with id 67 and h-value of 2. k is a pair of facts (3,9)

--------------------------------
ITERATION 71: Length of C: 19
Popped element k with id 120 and h-value of 2. k is a pair of facts (8,12)

--------------------------------
ITERATION 72: Length of C: 18
Popped element k with id 66 and h-value of 2. k is a pair of facts (3,8)

--------------------------------
ITERATION 73: Length of C: 17
Popped element k with id 93 and h-value of 2. k is a pair of facts (5,12)

--------------------------------
ITERATION 74: Length of C: 16
Popped element k with id 63 and h-value of 2. k is a pair of facts (3,5)

Action 8 has k as precondition. Unsat was 1 and decremented to 0, so we apply the action

id_q 0 variable is 4 - mutex optimisation triggered
id_q 1 variable is 4 - mutex optimisation triggered
id_q 2 variable is 4 - mutex optimisation triggered
id_q 3 variable is 4 - mutex optimisation triggered
id_q 4 variable is 4 - mutex optimisation triggered
id_q 5 variable is 1 - applying additional context for prevail fact
    added context: 
id_q 6 variable is 1 - mutex with precondition
id_q 7 variable is 1 - mutex with precondition
id_q 8 variable is 0 - applying additional context for persistent fact
    added context: 
id_q 9 variable is 0 - applying additional context for persistent fact
    added context: 
id_q 10 variable is 0 - applying additional context for persistent fact
    added context: 
id_q 11 variable is 2 - mutex optimisation triggered
id_q 12 variable is 2 - mutex optimisation triggered
id_q 13 variable is 3 - applying additional context for persistent fact
    added context: 
id_q 14 variable is 3 - persistent fact not yet applicable, storing for later

Applying the action itself: added 

--------------------------------
ITERATION 75: Length of C: 15
Popped element k with id 25 and h-value of 2. k is a pair of facts (0,9)

--------------------------------
ITERATION 76: Length of C: 14
Popped element k with id 128 and h-value of 2. k is a pair of facts (9,13)

Action 18 has k as precondition. Unsat was 1 and decremented to 0, so we apply the action

id_q 0 variable is 4 - mutex optimisation triggered
id_q 1 variable is 4 - mutex optimisation triggered
id_q 2 variable is 4 - mutex optimisation triggered
id_q 3 variable is 4 - mutex optimisation triggered
id_q 4 variable is 4 - mutex optimisation triggered
id_q 5 variable is 1 - applying additional context for persistent fact
    added context: 
id_q 6 variable is 1 - applying additional context for persistent fact
    added context: 
id_q 7 variable is 1 - applying additional context for persistent fact
    added context: 
id_q 8 variable is 0 - mutex with precondition
id_q 9 variable is 0 - applying additional context for prevail fact
    added context: 
id_q 10 variable is 0 - mutex with precondition
id_q 11 variable is 2 - applying additional context for persistent fact
    added context: 
id_q 12 variable is 2 - persistent fact not yet applicable, storing for later
id_q 13 variable is 3 - mutex optimisation triggered
id_q 14 variable is 3 - mutex optimisation triggered

Applying the action itself: added 

--------------------------------
ITERATION 77: Length of C: 13
Popped element k with id 65 and h-value of 3. k is a pair of facts (3,7)

Action 10 has k as precondition. Unsat was 1 and decremented to 0, so we apply the action

id_q 0 variable is 4 - mutex optimisation triggered
id_q 1 variable is 4 - mutex optimisation triggered
id_q 2 variable is 4 - mutex optimisation triggered
id_q 3 variable is 4 - mutex optimisation triggered
id_q 4 variable is 4 - mutex optimisation triggered
id_q 5 variable is 1 - mutex with precondition
id_q 6 variable is 1 - mutex with precondition
id_q 7 variable is 1 - applying additional context for prevail fact
    added context: 
id_q 8 variable is 0 - applying additional context for persistent fact
    added context: (2, 8): val 4, 
id_q 9 variable is 0 - applying additional context for persistent fact
    added context: (2, 9): val 4, 
id_q 10 variable is 0 - applying additional context for persistent fact
    added context: 
id_q 11 variable is 2 - mutex optimisation triggered
id_q 12 variable is 2 - mutex optimisation triggered
id_q 13 variable is 3 - applying additional context for persistent fact
    added context: 
id_q 14 variable is 3 - persistent fact not yet applicable, storing for later

Applying the action itself: added 

--------------------------------
ITERATION 78: Length of C: 14
Popped element k with id 58 and h-value of 3. k is a pair of facts (2,13)

Action 19 has k as precondition. Unsat was 3 and decremented to 2

Persistent fact found for f=2! Applying additional context.
    added context: 
Persistent fact found for f=2! Applying additional context.
    added context: 
Persistent fact found for f=2! Applying additional context.
    added context: 
Persistent fact found for f=2! Applying additional context.
    added context: 
Persistent fact found for f=2! Applying additional context.
    added context: 
Persistent fact found for f=2! Applying additional context.
    added context: 
Persistent fact found for f=2! Applying additional context.
    added context: 
Persistent fact found for f=2! Applying additional context.
    added context: 
--------------------------------
ITERATION 79: Length of C: 13
Popped element k with id 2 and h-value of 3. k is a singleton fact.

Action 16 has k as precondition. Unsat was 3 and decremented to 2

Action 19 has k as precondition. Unsat was 2 and decremented to 1

Action 20 has k as precondition. Unsat was 3 and decremented to 2

--------------------------------
ITERATION 80: Length of C: 12
Popped element k with id 56 and h-value of 3. k is a pair of facts (2,11)

Action 16 has k as precondition. Unsat was 2 and decremented to 1

--------------------------------
ITERATION 81: Length of C: 11
Popped element k with id 55 and h-value of 3. k is a pair of facts (2,10)

Action 19 has k as precondition. Unsat was 1 and decremented to 0, so we apply the action

id_q 0 variable is 4 - mutex optimisation triggered
id_q 1 variable is 4 - mutex optimisation triggered
id_q 2 variable is 4 - mutex optimisation triggered
id_q 3 variable is 4 - mutex optimisation triggered
id_q 4 variable is 4 - mutex optimisation triggered
id_q 5 variable is 1 - applying additional context for persistent fact
    added context: 
id_q 6 variable is 1 - applying additional context for persistent fact
    added context: 
id_q 7 variable is 1 - applying additional context for persistent fact
    added context: 
id_q 8 variable is 0 - mutex with precondition
id_q 9 variable is 0 - mutex with precondition
id_q 10 variable is 0 - applying additional context for prevail fact
    added context: 
id_q 11 variable is 2 - applying additional context for persistent fact
    added context: 
id_q 12 variable is 2 - persistent fact not yet applicable, storing for later
id_q 13 variable is 3 - mutex optimisation triggered
id_q 14 variable is 3 - mutex optimisation triggered

Applying the action itself: added 

Action 20 has k as precondition. Unsat was 2 and decremented to 1

--------------------------------
ITERATION 82: Length of C: 10
Popped element k with id 52 and h-value of 3. k is a pair of facts (2,7)

Action 16 has k as precondition. Unsat was 1 and decremented to 0, so we apply the action

id_q 0 variable is 4 - mutex optimisation triggered
id_q 1 variable is 4 - mutex optimisation triggered
id_q 2 variable is 4 - mutex optimisation triggered
id_q 3 variable is 4 - mutex optimisation triggered
id_q 4 variable is 4 - mutex optimisation triggered
id_q 5 variable is 1 - mutex with precondition
id_q 6 variable is 1 - mutex with precondition
id_q 7 variable is 1 - applying additional context for prevail fact
    added context: 
id_q 8 variable is 0 - applying additional context for persistent fact
    added context: 
id_q 9 variable is 0 - applying additional context for persistent fact
    added context: 
id_q 10 variable is 0 - applying additional context for persistent fact
    added context: 
id_q 11 variable is 2 - mutex optimisation triggered
id_q 12 variable is 2 - mutex optimisation triggered
id_q 13 variable is 3 - applying additional context for persistent fact
    added context: 
id_q 14 variable is 3 - persistent fact not yet applicable, storing for later

Applying the action itself: added 

--------------------------------
ITERATION 83: Length of C: 9
Popped element k with id 51 and h-value of 3. k is a pair of facts (2,6)

Action 20 has k as precondition. Unsat was 1 and decremented to 0, so we apply the action

op_goal, so we add fact_goal to the queue

--------------------------------
ITERATION 84: Length of C: 9
Popped element k with id 15 and h-value of 3.

Found goal! k = 15
Returning heuristic value: 3



STARTING HEURISTIC COMPUTATION:

--------------------------------
ITERATION 0: Length of C: 16
Popped element k with id 16 and h-value of 0. k is a singleton fact.

--------------------------------
ITERATION 1: Length of C: 15
Popped element k with id 4 and h-value of 0. k is a singleton fact.

Action 11 has k as precondition. Unsat was 3 and decremented to 2

Action 12 has k as precondition. Unsat was 3 and decremented to 2

Action 13 has k as precondition. Unsat was 3 and decremented to 2

--------------------------------
ITERATION 2: Length of C: 14
Popped element k with id 84 and h-value of 0. k is a pair of facts (4,14)

--------------------------------
ITERATION 3: Length of C: 13
Popped element k with id 14 and h-value of 0. k is a singleton fact.

--------------------------------
ITERATION 4: Length of C: 12
Popped element k with id 81 and h-value of 0. k is a pair of facts (4,11)

--------------------------------
ITERATION 5: Length of C: 11
Popped element k with id 140 and h-value of 0. k is a pair of facts (11,14)

--------------------------------
ITERATION 6: Length of C: 10
Popped element k with id 11 and h-value of 0. k is a singleton fact.

Action 14 has k as precondition. Unsat was 6 and decremented to 5

Action 15 has k as precondition. Unsat was 6 and decremented to 5

Action 16 has k as precondition. Unsat was 6 and decremented to 5

--------------------------------
ITERATION 7: Length of C: 9
Popped element k with id 75 and h-value of 0. k is a pair of facts (4,5)

--------------------------------
ITERATION 8: Length of C: 8
Popped element k with id 95 and h-value of 0. k is a pair of facts (5,14)

--------------------------------
ITERATION 9: Length of C: 7
Popped element k with id 92 and h-value of 0. k is a pair of facts (5,11)

Action 14 has k as precondition. Unsat was 5 and decremented to 4

--------------------------------
ITERATION 10: Length of C: 6
Popped element k with id 5 and h-value of 0. k is a singleton fact.

Action 0 has k as precondition. Unsat was 1 and decremented to 0, so we apply the action

id_q 0 variable is 4 - persistent fact not yet applicable, storing for later
id_q 1 variable is 4 - persistent fact not yet applicable, storing for later
id_q 2 variable is 4 - persistent fact not yet applicable, storing for later
id_q 3 variable is 4 - persistent fact not yet applicable, storing for later
id_q 4 variable is 4 - applying additional context for persistent fact
    added context: (6, 4): val 1, 
id_q 5 variable is 1 - mutex optimisation triggered
id_q 6 variable is 1 - mutex optimisation triggered
id_q 7 variable is 1 - mutex optimisation triggered
id_q 8 variable is 0 - persistent fact not yet applicable, storing for later
id_q 9 variable is 0 - persistent fact not yet applicable, storing for later
id_q 10 variable is 0 - applying additional context for persistent fact
    added context: (6, 10): val 1, 
id_q 11 variable is 2 - applying additional context for persistent fact
    added context: (6, 11): val 1, 
id_q 12 variable is 2 - persistent fact not yet applicable, storing for later
id_q 13 variable is 3 - persistent fact not yet applicable, storing for later
id_q 14 variable is 3 - applying additional context for persistent fact
    added context: (6, 14): val 1, 

Applying the action itself: added (6, 6): val 1, 

Action 8 has k as precondition. Unsat was 3 and decremented to 2

Action 14 has k as precondition. Unsat was 4 and decremented to 3

--------------------------------
ITERATION 11: Length of C: 10
Popped element k with id 80 and h-value of 0. k is a pair of facts (4,10)

Action 13 has k as precondition. Unsat was 2 and decremented to 1

--------------------------------
ITERATION 12: Length of C: 9
Popped element k with id 135 and h-value of 0. k is a pair of facts (10,14)

--------------------------------
ITERATION 13: Length of C: 8
Popped element k with id 132 and h-value of 0. k is a pair of facts (10,11)

--------------------------------
ITERATION 14: Length of C: 7
Popped element k with id 91 and h-value of 0. k is a pair of facts (5,10)

--------------------------------
ITERATION 15: Length of C: 6
Popped element k with id 10 and h-value of 0. k is a singleton fact.

Action 7 has k as precondition. Unsat was 1 and decremented to 0, so we apply the action

id_q 0 variable is 4 - persistent fact not yet applicable, storing for later
id_q 1 variable is 4 - persistent fact not yet applicable, storing for later
id_q 2 variable is 4 - persistent fact not yet applicable, storing for later
id_q 3 variable is 4 - persistent fact not yet applicable, storing for later
id_q 4 variable is 4 - applying additional context for persistent fact
    added context: (9, 4): val 1, 
id_q 5 variable is 1 - applying additional context for persistent fact
    added context: (9, 5): val 1, 
id_q 6 variable is 1 - applying additional context for persistent fact
    added context: (9, 6): val 1, 
id_q 7 variable is 1 - persistent fact not yet applicable, storing for later
id_q 8 variable is 0 - mutex optimisation triggered
id_q 9 variable is 0 - mutex optimisation triggered
id_q 10 variable is 0 - mutex optimisation triggered
id_q 11 variable is 2 - applying additional context for persistent fact
    added context: (9, 11): val 1, 
id_q 12 variable is 2 - persistent fact not yet applicable, storing for later
id_q 13 variable is 3 - persistent fact not yet applicable, storing for later
id_q 14 variable is 3 - applying additional context for persistent fact
    added context: (9, 14): val 1, 

Applying the action itself: added (9, 9): val 1, 

Action 13 has k as precondition. Unsat was 1 and decremented to 0, so we apply the action

id_q 0 variable is 4 - mutex optimisation triggered
id_q 1 variable is 4 - mutex optimisation triggered
id_q 2 variable is 4 - mutex optimisation triggered
id_q 3 variable is 4 - mutex optimisation triggered
id_q 4 variable is 4 - mutex optimisation triggered
id_q 5 variable is 1 - applying additional context for persistent fact
    added context: (2, 5): val 1, (13, 5): val 1, 
id_q 6 variable is 1 - applying additional context for persistent fact
    added context: (2, 6): val 1, (13, 6): val 1, 
id_q 7 variable is 1 - persistent fact not yet applicable, storing for later
id_q 8 variable is 0 - mutex with precondition
id_q 9 variable is 0 - mutex with precondition
id_q 10 variable is 0 - applying additional context for prevail fact
    added context: (2, 10): val 1, (13, 10): val 1, 
id_q 11 variable is 2 - applying additional context for persistent fact
    added context: (2, 11): val 1, (13, 11): val 1, 
id_q 12 variable is 2 - persistent fact not yet applicable, storing for later
id_q 13 variable is 3 - mutex optimisation triggered
id_q 14 variable is 3 - mutex optimisation triggered

Applying the action itself: added (2, 2): val 1, (2, 13): val 1, (13, 13): val 1, 

Action 19 has k as precondition. Unsat was 6 and decremented to 5

Action 20 has k as precondition. Unsat was 6 and decremented to 5

--------------------------------
ITERATION 16: Length of C: 22
Popped element k with id 13 and h-value of 1. k is a singleton fact.

Action 17 has k as precondition. Unsat was 6 and decremented to 5

Action 18 has k as precondition. Unsat was 6 and decremented to 5

Action 19 has k as precondition. Unsat was 5 and decremented to 4

Persistent fact found for k=13! Applying additional context.
    added context: 
Persistent fact found for k=13! Applying additional context.
    added context: (9, 13): val 2, 
--------------------------------
ITERATION 17: Length of C: 22
Popped element k with id 58 and h-value of 1. k is a pair of facts (2,13)

Action 19 has k as precondition. Unsat was 4 and decremented to 3

Persistent fact found for f=2! Applying additional context.
    added context: 
Persistent fact found for f=2! Applying additional context.
    added context: (9, 2): val 2, 
--------------------------------
ITERATION 18: Length of C: 22
Popped element k with id 2 and h-value of 1. k is a singleton fact.

Action 16 has k as precondition. Unsat was 5 and decremented to 4

Action 19 has k as precondition. Unsat was 3 and decremented to 2

Action 20 has k as precondition. Unsat was 5 and decremented to 4

--------------------------------
ITERATION 19: Length of C: 21
Popped element k with id 139 and h-value of 1. k is a pair of facts (11,13)

--------------------------------
ITERATION 20: Length of C: 20
Popped element k with id 56 and h-value of 1. k is a pair of facts (2,11)

Action 16 has k as precondition. Unsat was 4 and decremented to 3

--------------------------------
ITERATION 21: Length of C: 19
Popped element k with id 134 and h-value of 1. k is a pair of facts (10,13)

Action 19 has k as precondition. Unsat was 2 and decremented to 1

--------------------------------
ITERATION 22: Length of C: 18
Popped element k with id 55 and h-value of 1. k is a pair of facts (2,10)

Action 19 has k as precondition. Unsat was 1 and decremented to 0, so we apply the action

id_q 0 variable is 4 - mutex optimisation triggered
id_q 1 variable is 4 - mutex optimisation triggered
id_q 2 variable is 4 - mutex optimisation triggered
id_q 3 variable is 4 - mutex optimisation triggered
id_q 4 variable is 4 - mutex optimisation triggered
id_q 5 variable is 1 - applying additional context for persistent fact
    added context: 
id_q 6 variable is 1 - applying additional context for persistent fact
    added context: 
id_q 7 variable is 1 - persistent fact not yet applicable, storing for later
id_q 8 variable is 0 - mutex with precondition
id_q 9 variable is 0 - mutex with precondition
id_q 10 variable is 0 - applying additional context for prevail fact
    added context: 
id_q 11 variable is 2 - applying additional context for persistent fact
    added context: 
id_q 12 variable is 2 - persistent fact not yet applicable, storing for later
id_q 13 variable is 3 - mutex optimisation triggered
id_q 14 variable is 3 - mutex optimisation triggered

Applying the action itself: added 

Action 20 has k as precondition. Unsat was 4 and decremented to 3

--------------------------------
ITERATION 23: Length of C: 17
Popped element k with id 104 and h-value of 1. k is a pair of facts (6,13)

--------------------------------
ITERATION 24: Length of C: 16
Popped element k with id 51 and h-value of 1. k is a pair of facts (2,6)

Action 20 has k as precondition. Unsat was 3 and decremented to 2

--------------------------------
ITERATION 25: Length of C: 15
Popped element k with id 94 and h-value of 1. k is a pair of facts (5,13)

--------------------------------
ITERATION 26: Length of C: 14
Popped element k with id 50 and h-value of 1. k is a pair of facts (2,5)

--------------------------------
ITERATION 27: Length of C: 13
Popped element k with id 9 and h-value of 1. k is a singleton fact.

Action 5 has k as precondition. Unsat was 1 and decremented to 0, so we apply the action

id_q 0 variable is 4 - persistent fact not yet applicable, storing for later
id_q 1 variable is 4 - persistent fact not yet applicable, storing for later
id_q 2 variable is 4 - applying additional context for persistent fact
    added context: (8, 2): val 2, 
id_q 3 variable is 4 - persistent fact not yet applicable, storing for later
id_q 4 variable is 4 - applying additional context for persistent fact
    added context: (8, 4): val 2, 
id_q 5 variable is 1 - applying additional context for persistent fact
    added context: (8, 5): val 2, 
id_q 6 variable is 1 - applying additional context for persistent fact
    added context: (8, 6): val 2, 
id_q 7 variable is 1 - persistent fact not yet applicable, storing for later
id_q 8 variable is 0 - mutex optimisation triggered
id_q 9 variable is 0 - mutex optimisation triggered
id_q 10 variable is 0 - mutex optimisation triggered
id_q 11 variable is 2 - applying additional context for persistent fact
    added context: (8, 11): val 2, 
id_q 12 variable is 2 - persistent fact not yet applicable, storing for later
id_q 13 variable is 3 - applying additional context for persistent fact
    added context: (8, 13): val 2, 
id_q 14 variable is 3 - applying additional context for persistent fact
    added context: (8, 14): val 2, 

Applying the action itself: added (8, 8): val 2, 

Action 6 has k as precondition. Unsat was 1 and decremented to 0, so we apply the action

id_q 0 variable is 4 - persistent fact not yet applicable, storing for later
id_q 1 variable is 4 - persistent fact not yet applicable, storing for later
id_q 2 variable is 4 - applying additional context for persistent fact
    added context: 
id_q 3 variable is 4 - persistent fact not yet applicable, storing for later
id_q 4 variable is 4 - applying additional context for persistent fact
    added context: 
id_q 5 variable is 1 - applying additional context for persistent fact
    added context: 
id_q 6 variable is 1 - applying additional context for persistent fact
    added context: 
id_q 7 variable is 1 - persistent fact not yet applicable, storing for later
id_q 8 variable is 0 - mutex optimisation triggered
id_q 9 variable is 0 - mutex optimisation triggered
id_q 10 variable is 0 - mutex optimisation triggered
id_q 11 variable is 2 - applying additional context for persistent fact
    added context: 
id_q 12 variable is 2 - persistent fact not yet applicable, storing for later
id_q 13 variable is 3 - applying additional context for persistent fact
    added context: 
id_q 14 variable is 3 - applying additional context for persistent fact
    added context: 

Applying the action itself: added 

Action 12 has k as precondition. Unsat was 2 and decremented to 1

Action 18 has k as precondition. Unsat was 5 and decremented to 4

Persistent fact found for k=9! Applying additional context.
    added context: 
--------------------------------
ITERATION 28: Length of C: 20
Popped element k with id 129 and h-value of 1. k is a pair of facts (9,14)

--------------------------------
ITERATION 29: Length of C: 19
Popped element k with id 126 and h-value of 1. k is a pair of facts (9,11)

--------------------------------
ITERATION 30: Length of C: 18
Popped element k with id 100 and h-value of 1. k is a pair of facts (6,9)

--------------------------------
ITERATION 31: Length of C: 17
Popped element k with id 90 and h-value of 1. k is a pair of facts (5,9)

--------------------------------
ITERATION 32: Length of C: 16
Popped element k with id 79 and h-value of 1. k is a pair of facts (4,9)

Action 12 has k as precondition. Unsat was 1 and decremented to 0, so we apply the action

id_q 0 variable is 4 - mutex optimisation triggered
id_q 1 variable is 4 - mutex optimisation triggered
id_q 2 variable is 4 - mutex optimisation triggered
id_q 3 variable is 4 - mutex optimisation triggered
id_q 4 variable is 4 - mutex optimisation triggered
id_q 5 variable is 1 - applying additional context for persistent fact
    added context: (1, 5): val 2, 
id_q 6 variable is 1 - applying additional context for persistent fact
    added context: (1, 6): val 2, 
id_q 7 variable is 1 - persistent fact not yet applicable, storing for later
id_q 8 variable is 0 - mutex with precondition
id_q 9 variable is 0 - applying additional context for prevail fact
    added context: (1, 9): val 2, 
id_q 10 variable is 0 - mutex with precondition
id_q 11 variable is 2 - applying additional context for persistent fact
    added context: (1, 11): val 2, 
id_q 12 variable is 2 - persistent fact not yet applicable, storing for later
id_q 13 variable is 3 - mutex optimisation triggered
id_q 14 variable is 3 - mutex optimisation triggered

Applying the action itself: added (1, 1): val 2, (1, 13): val 2, 

--------------------------------
ITERATION 33: Length of C: 21
Popped element k with id 6 and h-value of 1. k is a singleton fact.

Action 1 has k as precondition. Unsat was 1 and decremented to 0, so we apply the action

id_q 0 variable is 4 - persistent fact not yet applicable, storing for later
id_q 1 variable is 4 - applying additional context for persistent fact
    added context: 
id_q 2 variable is 4 - applying additional context for persistent fact
    added context: 
id_q 3 variable is 4 - persistent fact not yet applicable, storing for later
id_q 4 variable is 4 - applying additional context for persistent fact
    added context: 
id_q 5 variable is 1 - mutex optimisation triggered
id_q 6 variable is 1 - mutex optimisation triggered
id_q 7 variable is 1 - mutex optimisation triggered
id_q 8 variable is 0 - applying additional context for persistent fact
    added context: 
id_q 9 variable is 0 - applying additional context for persistent fact
    added context: 
id_q 10 variable is 0 - applying additional context for persistent fact
    added context: 
id_q 11 variable is 2 - applying additional context for persistent fact
    added context: 
id_q 12 variable is 2 - persistent fact not yet applicable, storing for later
id_q 13 variable is 3 - applying additional context for persistent fact
    added context: 
id_q 14 variable is 3 - applying additional context for persistent fact
    added context: 

Applying the action itself: added 

Action 2 has k as precondition. Unsat was 1 and decremented to 0, so we apply the action

id_q 0 variable is 4 - persistent fact not yet applicable, storing for later
id_q 1 variable is 4 - applying additional context for persistent fact
    added context: (7, 1): val 2, 
id_q 2 variable is 4 - applying additional context for persistent fact
    added context: (7, 2): val 2, 
id_q 3 variable is 4 - persistent fact not yet applicable, storing for later
id_q 4 variable is 4 - applying additional context for persistent fact
    added context: (7, 4): val 2, 
id_q 5 variable is 1 - mutex optimisation triggered
id_q 6 variable is 1 - mutex optimisation triggered
id_q 7 variable is 1 - mutex optimisation triggered
id_q 8 variable is 0 - applying additional context for persistent fact
    added context: (7, 8): val 2, 
id_q 9 variable is 0 - applying additional context for persistent fact
    added context: (7, 9): val 2, 
id_q 10 variable is 0 - applying additional context for persistent fact
    added context: (7, 10): val 2, 
id_q 11 variable is 2 - applying additional context for persistent fact
    added context: (7, 11): val 2, 
id_q 12 variable is 2 - persistent fact not yet applicable, storing for later
id_q 13 variable is 3 - applying additional context for persistent fact
    added context: (7, 13): val 2, 
id_q 14 variable is 3 - applying additional context for persistent fact
    added context: (7, 14): val 2, 

Applying the action itself: added (7, 7): val 2, 

Action 9 has k as precondition. Unsat was 3 and decremented to 2

Action 15 has k as precondition. Unsat was 5 and decremented to 4

Action 20 has k as precondition. Unsat was 2 and decremented to 1

--------------------------------
ITERATION 34: Length of C: 30
Popped element k with id 105 and h-value of 1. k is a pair of facts (6,14)

--------------------------------
ITERATION 35: Length of C: 29
Popped element k with id 102 and h-value of 1. k is a pair of facts (6,11)

Action 15 has k as precondition. Unsat was 4 and decremented to 3

--------------------------------
ITERATION 36: Length of C: 28
Popped element k with id 101 and h-value of 1. k is a pair of facts (6,10)

Action 20 has k as precondition. Unsat was 1 and decremented to 0, so we apply the action

op_goal, so we add fact_goal to the queue

--------------------------------
ITERATION 37: Length of C: 28
Popped element k with id 15 and h-value of 1.

Found goal! k = 15
Returning heuristic value: 1



STARTING HEURISTIC COMPUTATION:

--------------------------------
ITERATION 0: Length of C: 16
Popped element k with id 16 and h-value of 0. k is a singleton fact.

--------------------------------
ITERATION 1: Length of C: 15
Popped element k with id 4 and h-value of 0. k is a singleton fact.

Action 11 has k as precondition. Unsat was 3 and decremented to 2

Action 12 has k as precondition. Unsat was 3 and decremented to 2

Action 13 has k as precondition. Unsat was 3 and decremented to 2

--------------------------------
ITERATION 2: Length of C: 14
Popped element k with id 84 and h-value of 0. k is a pair of facts (4,14)

--------------------------------
ITERATION 3: Length of C: 13
Popped element k with id 14 and h-value of 0. k is a singleton fact.

--------------------------------
ITERATION 4: Length of C: 12
Popped element k with id 81 and h-value of 0. k is a pair of facts (4,11)

--------------------------------
ITERATION 5: Length of C: 11
Popped element k with id 140 and h-value of 0. k is a pair of facts (11,14)

--------------------------------
ITERATION 6: Length of C: 10
Popped element k with id 11 and h-value of 0. k is a singleton fact.

Action 14 has k as precondition. Unsat was 6 and decremented to 5

Action 15 has k as precondition. Unsat was 6 and decremented to 5

Action 16 has k as precondition. Unsat was 6 and decremented to 5

--------------------------------
ITERATION 7: Length of C: 9
Popped element k with id 76 and h-value of 0. k is a pair of facts (4,6)

--------------------------------
ITERATION 8: Length of C: 8
Popped element k with id 105 and h-value of 0. k is a pair of facts (6,14)

--------------------------------
ITERATION 9: Length of C: 7
Popped element k with id 102 and h-value of 0. k is a pair of facts (6,11)

Action 15 has k as precondition. Unsat was 5 and decremented to 4

--------------------------------
ITERATION 10: Length of C: 6
Popped element k with id 6 and h-value of 0. k is a singleton fact.

Action 1 has k as precondition. Unsat was 1 and decremented to 0, so we apply the action

id_q 0 variable is 4 - persistent fact not yet applicable, storing for later
id_q 1 variable is 4 - persistent fact not yet applicable, storing for later
id_q 2 variable is 4 - persistent fact not yet applicable, storing for later
id_q 3 variable is 4 - persistent fact not yet applicable, storing for later
id_q 4 variable is 4 - applying additional context for persistent fact
    added context: (5, 4): val 1, 
id_q 5 variable is 1 - mutex optimisation triggered
id_q 6 variable is 1 - mutex optimisation triggered
id_q 7 variable is 1 - mutex optimisation triggered
id_q 8 variable is 0 - persistent fact not yet applicable, storing for later
id_q 9 variable is 0 - persistent fact not yet applicable, storing for later
id_q 10 variable is 0 - applying additional context for persistent fact
    added context: (5, 10): val 1, 
id_q 11 variable is 2 - applying additional context for persistent fact
    added context: (5, 11): val 1, 
id_q 12 variable is 2 - persistent fact not yet applicable, storing for later
id_q 13 variable is 3 - persistent fact not yet applicable, storing for later
id_q 14 variable is 3 - applying additional context for persistent fact
    added context: (5, 14): val 1, 

Applying the action itself: added (5, 5): val 1, 

Action 2 has k as precondition. Unsat was 1 and decremented to 0, so we apply the action

id_q 0 variable is 4 - persistent fact not yet applicable, storing for later
id_q 1 variable is 4 - persistent fact not yet applicable, storing for later
id_q 2 variable is 4 - persistent fact not yet applicable, storing for later
id_q 3 variable is 4 - persistent fact not yet applicable, storing for later
id_q 4 variable is 4 - applying additional context for persistent fact
    added context: (7, 4): val 1, 
id_q 5 variable is 1 - mutex optimisation triggered
id_q 6 variable is 1 - mutex optimisation triggered
id_q 7 variable is 1 - mutex optimisation triggered
id_q 8 variable is 0 - persistent fact not yet applicable, storing for later
id_q 9 variable is 0 - persistent fact not yet applicable, storing for later
id_q 10 variable is 0 - applying additional context for persistent fact
    added context: (7, 10): val 1, 
id_q 11 variable is 2 - applying additional context for persistent fact
    added context: (7, 11): val 1, 
id_q 12 variable is 2 - persistent fact not yet applicable, storing for later
id_q 13 variable is 3 - persistent fact not yet applicable, storing for later
id_q 14 variable is 3 - applying additional context for persistent fact
    added context: (7, 14): val 1, 

Applying the action itself: added (7, 7): val 1, 

Action 9 has k as precondition. Unsat was 3 and decremented to 2

Action 15 has k as precondition. Unsat was 4 and decremented to 3

Action 20 has k as precondition. Unsat was 6 and decremented to 5

--------------------------------
ITERATION 11: Length of C: 15
Popped element k with id 80 and h-value of 0. k is a pair of facts (4,10)

Action 13 has k as precondition. Unsat was 2 and decremented to 1

--------------------------------
ITERATION 12: Length of C: 14
Popped element k with id 135 and h-value of 0. k is a pair of facts (10,14)

--------------------------------
ITERATION 13: Length of C: 13
Popped element k with id 132 and h-value of 0. k is a pair of facts (10,11)

--------------------------------
ITERATION 14: Length of C: 12
Popped element k with id 101 and h-value of 0. k is a pair of facts (6,10)

Action 20 has k as precondition. Unsat was 5 and decremented to 4

--------------------------------
ITERATION 15: Length of C: 11
Popped element k with id 10 and h-value of 0. k is a singleton fact.

Action 7 has k as precondition. Unsat was 1 and decremented to 0, so we apply the action

id_q 0 variable is 4 - persistent fact not yet applicable, storing for later
id_q 1 variable is 4 - persistent fact not yet applicable, storing for later
id_q 2 variable is 4 - persistent fact not yet applicable, storing for later
id_q 3 variable is 4 - persistent fact not yet applicable, storing for later
id_q 4 variable is 4 - applying additional context for persistent fact
    added context: (9, 4): val 1, 
id_q 5 variable is 1 - applying additional context for persistent fact
    added context: (9, 5): val 1, 
id_q 6 variable is 1 - applying additional context for persistent fact
    added context: (9, 6): val 1, 
id_q 7 variable is 1 - applying additional context for persistent fact
    added context: (9, 7): val 1, 
id_q 8 variable is 0 - mutex optimisation triggered
id_q 9 variable is 0 - mutex optimisation triggered
id_q 10 variable is 0 - mutex optimisation triggered
id_q 11 variable is 2 - applying additional context for persistent fact
    added context: (9, 11): val 1, 
id_q 12 variable is 2 - persistent fact not yet applicable, storing for later
id_q 13 variable is 3 - persistent fact not yet applicable, storing for later
id_q 14 variable is 3 - applying additional context for persistent fact
    added context: (9, 14): val 1, 

Applying the action itself: added (9, 9): val 1, 

Action 13 has k as precondition. Unsat was 1 and decremented to 0, so we apply the action

id_q 0 variable is 4 - mutex optimisation triggered
id_q 1 variable is 4 - mutex optimisation triggered
id_q 2 variable is 4 - mutex optimisation triggered
id_q 3 variable is 4 - mutex optimisation triggered
id_q 4 variable is 4 - mutex optimisation triggered
id_q 5 variable is 1 - applying additional context for persistent fact
    added context: (2, 5): val 1, (13, 5): val 1, 
id_q 6 variable is 1 - applying additional context for persistent fact
    added context: (2, 6): val 1, (13, 6): val 1, 
id_q 7 variable is 1 - applying additional context for persistent fact
    added context: (2, 7): val 1, (13, 7): val 1, 
id_q 8 variable is 0 - mutex with precondition
id_q 9 variable is 0 - mutex with precondition
id_q 10 variable is 0 - applying additional context for prevail fact
    added context: (2, 10): val 1, (13, 10): val 1, 
id_q 11 variable is 2 - applying additional context for persistent fact
    added context: (2, 11): val 1, (13, 11): val 1, 
id_q 12 variable is 2 - persistent fact not yet applicable, storing for later
id_q 13 variable is 3 - mutex optimisation triggered
id_q 14 variable is 3 - mutex optimisation triggered

Applying the action itself: added (2, 2): val 1, (2, 13): val 1, (13, 13): val 1, 

Action 19 has k as precondition. Unsat was 6 and decremented to 5

Action 20 has k as precondition. Unsat was 4 and decremented to 3

--------------------------------
ITERATION 16: Length of C: 30
Popped element k with id 13 and h-value of 1. k is a singleton fact.

Action 17 has k as precondition. Unsat was 6 and decremented to 5

Action 18 has k as precondition. Unsat was 6 and decremented to 5

Action 19 has k as precondition. Unsat was 5 and decremented to 4

Persistent fact found for k=13! Applying additional context.
    added context: 
Persistent fact found for k=13! Applying additional context.
    added context: 
Persistent fact found for k=13! Applying additional context.
    added context: (9, 13): val 2, 
--------------------------------
ITERATION 17: Length of C: 30
Popped element k with id 58 and h-value of 1. k is a pair of facts (2,13)

Action 19 has k as precondition. Unsat was 4 and decremented to 3

Persistent fact found for f=2! Applying additional context.
    added context: 
Persistent fact found for f=2! Applying additional context.
    added context: 
Persistent fact found for f=2! Applying additional context.
    added context: (9, 2): val 2, 
--------------------------------
ITERATION 18: Length of C: 30
Popped element k with id 2 and h-value of 1. k is a singleton fact.

Action 16 has k as precondition. Unsat was 5 and decremented to 4

Action 19 has k as precondition. Unsat was 3 and decremented to 2

Action 20 has k as precondition. Unsat was 3 and decremented to 2

--------------------------------
ITERATION 19: Length of C: 29
Popped element k with id 139 and h-value of 1. k is a pair of facts (11,13)

--------------------------------
ITERATION 20: Length of C: 28
Popped element k with id 56 and h-value of 1. k is a pair of facts (2,11)

Action 16 has k as precondition. Unsat was 4 and decremented to 3

--------------------------------
ITERATION 21: Length of C: 27
Popped element k with id 134 and h-value of 1. k is a pair of facts (10,13)

Action 19 has k as precondition. Unsat was 2 and decremented to 1

--------------------------------
ITERATION 22: Length of C: 26
Popped element k with id 55 and h-value of 1. k is a pair of facts (2,10)

Action 19 has k as precondition. Unsat was 1 and decremented to 0, so we apply the action

id_q 0 variable is 4 - mutex optimisation triggered
id_q 1 variable is 4 - mutex optimisation triggered
id_q 2 variable is 4 - mutex optimisation triggered
id_q 3 variable is 4 - mutex optimisation triggered
id_q 4 variable is 4 - mutex optimisation triggered
id_q 5 variable is 1 - applying additional context for persistent fact
    added context: 
id_q 6 variable is 1 - applying additional context for persistent fact
    added context: 
id_q 7 variable is 1 - applying additional context for persistent fact
    added context: 
id_q 8 variable is 0 - mutex with precondition
id_q 9 variable is 0 - mutex with precondition
id_q 10 variable is 0 - applying additional context for prevail fact
    added context: 
id_q 11 variable is 2 - applying additional context for persistent fact
    added context: 
id_q 12 variable is 2 - persistent fact not yet applicable, storing for later
id_q 13 variable is 3 - mutex optimisation triggered
id_q 14 variable is 3 - mutex optimisation triggered

Applying the action itself: added 

Action 20 has k as precondition. Unsat was 2 and decremented to 1

--------------------------------
ITERATION 23: Length of C: 25
Popped element k with id 113 and h-value of 1. k is a pair of facts (7,13)

Persistent fact found for f=7! Applying additional context.
    added context: (8, 7): val 2, 
Persistent fact found for f=7! Applying additional context.
    added context: 
Persistent fact found for f=7! Applying additional context.
    added context: 
Persistent fact found for f=7! Applying additional context.
    added context: (1, 7): val 2, 
Persistent fact found for f=7! Applying additional context.
    added context: 
Persistent fact found for f=7! Applying additional context.
    added context: 
--------------------------------
ITERATION 24: Length of C: 26
Popped element k with id 52 and h-value of 1. k is a pair of facts (2,7)

Action 16 has k as precondition. Unsat was 3 and decremented to 2

--------------------------------
ITERATION 25: Length of C: 25
Popped element k with id 104 and h-value of 1. k is a pair of facts (6,13)

--------------------------------
ITERATION 26: Length of C: 24
Popped element k with id 51 and h-value of 1. k is a pair of facts (2,6)

Action 20 has k as precondition. Unsat was 1 and decremented to 0, so we apply the action

op_goal, so we add fact_goal to the queue

--------------------------------
ITERATION 27: Length of C: 24
Popped element k with id 15 and h-value of 1.

Found goal! k = 15
Returning heuristic value: 1



STARTING HEURISTIC COMPUTATION:

--------------------------------
ITERATION 0: Length of C: 16
Popped element k with id 16 and h-value of 0. k is a singleton fact.

--------------------------------
ITERATION 1: Length of C: 15
Popped element k with id 2 and h-value of 0. k is a singleton fact.

Action 16 has k as precondition. Unsat was 6 and decremented to 5

Action 19 has k as precondition. Unsat was 6 and decremented to 5

Action 20 has k as precondition. Unsat was 6 and decremented to 5

--------------------------------
ITERATION 2: Length of C: 14
Popped element k with id 58 and h-value of 0. k is a pair of facts (2,13)

Action 19 has k as precondition. Unsat was 5 and decremented to 4

--------------------------------
ITERATION 3: Length of C: 13
Popped element k with id 13 and h-value of 0. k is a singleton fact.

Action 17 has k as precondition. Unsat was 6 and decremented to 5

Action 18 has k as precondition. Unsat was 6 and decremented to 5

Action 19 has k as precondition. Unsat was 4 and decremented to 3

--------------------------------
ITERATION 4: Length of C: 12
Popped element k with id 56 and h-value of 0. k is a pair of facts (2,11)

Action 16 has k as precondition. Unsat was 5 and decremented to 4

--------------------------------
ITERATION 5: Length of C: 11
Popped element k with id 139 and h-value of 0. k is a pair of facts (11,13)

--------------------------------
ITERATION 6: Length of C: 10
Popped element k with id 11 and h-value of 0. k is a singleton fact.

Action 14 has k as precondition. Unsat was 6 and decremented to 5

Action 15 has k as precondition. Unsat was 6 and decremented to 5

Action 16 has k as precondition. Unsat was 4 and decremented to 3

--------------------------------
ITERATION 7: Length of C: 9
Popped element k with id 50 and h-value of 0. k is a pair of facts (2,5)

--------------------------------
ITERATION 8: Length of C: 8
Popped element k with id 94 and h-value of 0. k is a pair of facts (5,13)

--------------------------------
ITERATION 9: Length of C: 7
Popped element k with id 92 and h-value of 0. k is a pair of facts (5,11)

Action 14 has k as precondition. Unsat was 5 and decremented to 4

--------------------------------
ITERATION 10: Length of C: 6
Popped element k with id 5 and h-value of 0. k is a singleton fact.

Action 0 has k as precondition. Unsat was 1 and decremented to 0, so we apply the action

id_q 0 variable is 4 - persistent fact not yet applicable, storing for later
id_q 1 variable is 4 - persistent fact not yet applicable, storing for later
id_q 2 variable is 4 - applying additional context for persistent fact
    added context: (6, 2): val 1, 
id_q 3 variable is 4 - persistent fact not yet applicable, storing for later
id_q 4 variable is 4 - persistent fact not yet applicable, storing for later
id_q 5 variable is 1 - mutex optimisation triggered
id_q 6 variable is 1 - mutex optimisation triggered
id_q 7 variable is 1 - mutex optimisation triggered
id_q 8 variable is 0 - persistent fact not yet applicable, storing for later
id_q 9 variable is 0 - persistent fact not yet applicable, storing for later
id_q 10 variable is 0 - applying additional context for persistent fact
    added context: (6, 10): val 1, 
id_q 11 variable is 2 - applying additional context for persistent fact
    added context: (6, 11): val 1, 
id_q 12 variable is 2 - persistent fact not yet applicable, storing for later
id_q 13 variable is 3 - applying additional context for persistent fact
    added context: (6, 13): val 1, 
id_q 14 variable is 3 - persistent fact not yet applicable, storing for later

Applying the action itself: added (6, 6): val 1, 

Action 8 has k as precondition. Unsat was 3 and decremented to 2

Action 14 has k as precondition. Unsat was 4 and decremented to 3

--------------------------------
ITERATION 11: Length of C: 10
Popped element k with id 55 and h-value of 0. k is a pair of facts (2,10)

Action 19 has k as precondition. Unsat was 3 and decremented to 2

Action 20 has k as precondition. Unsat was 5 and decremented to 4

--------------------------------
ITERATION 12: Length of C: 9
Popped element k with id 134 and h-value of 0. k is a pair of facts (10,13)

Action 19 has k as precondition. Unsat was 2 and decremented to 1

--------------------------------
ITERATION 13: Length of C: 8
Popped element k with id 132 and h-value of 0. k is a pair of facts (10,11)

--------------------------------
ITERATION 14: Length of C: 7
Popped element k with id 91 and h-value of 0. k is a pair of facts (5,10)

--------------------------------
ITERATION 15: Length of C: 6
Popped element k with id 10 and h-value of 0. k is a singleton fact.

Action 7 has k as precondition. Unsat was 1 and decremented to 0, so we apply the action

id_q 0 variable is 4 - persistent fact not yet applicable, storing for later
id_q 1 variable is 4 - persistent fact not yet applicable, storing for later
id_q 2 variable is 4 - applying additional context for persistent fact
    added context: (9, 2): val 1, 
id_q 3 variable is 4 - persistent fact not yet applicable, storing for later
id_q 4 variable is 4 - persistent fact not yet applicable, storing for later
id_q 5 variable is 1 - applying additional context for persistent fact
    added context: (9, 5): val 1, 
id_q 6 variable is 1 - applying additional context for persistent fact
    added context: (9, 6): val 1, 
id_q 7 variable is 1 - persistent fact not yet applicable, storing for later
id_q 8 variable is 0 - mutex optimisation triggered
id_q 9 variable is 0 - mutex optimisation triggered
id_q 10 variable is 0 - mutex optimisation triggered
id_q 11 variable is 2 - applying additional context for persistent fact
    added context: (9, 11): val 1, 
id_q 12 variable is 2 - persistent fact not yet applicable, storing for later
id_q 13 variable is 3 - applying additional context for persistent fact
    added context: (9, 13): val 1, 
id_q 14 variable is 3 - persistent fact not yet applicable, storing for later

Applying the action itself: added (9, 9): val 1, 

Action 13 has k as precondition. Unsat was 3 and decremented to 2

Action 19 has k as precondition. Unsat was 1 and decremented to 0, so we apply the action

id_q 0 variable is 4 - mutex optimisation triggered
id_q 1 variable is 4 - mutex optimisation triggered
id_q 2 variable is 4 - mutex optimisation triggered
id_q 3 variable is 4 - mutex optimisation triggered
id_q 4 variable is 4 - mutex optimisation triggered
id_q 5 variable is 1 - applying additional context for persistent fact
    added context: (4, 5): val 1, (14, 5): val 1, 
id_q 6 variable is 1 - applying additional context for persistent fact
    added context: (4, 6): val 1, (14, 6): val 1, 
id_q 7 variable is 1 - persistent fact not yet applicable, storing for later
id_q 8 variable is 0 - mutex with precondition
id_q 9 variable is 0 - mutex with precondition
id_q 10 variable is 0 - applying additional context for prevail fact
    added context: (4, 10): val 1, (14, 10): val 1, 
id_q 11 variable is 2 - applying additional context for persistent fact
    added context: (4, 11): val 1, (14, 11): val 1, 
id_q 12 variable is 2 - persistent fact not yet applicable, storing for later
id_q 13 variable is 3 - mutex optimisation triggered
id_q 14 variable is 3 - mutex optimisation triggered

Applying the action itself: added (4, 4): val 1, (4, 14): val 1, (14, 14): val 1, 

Action 20 has k as precondition. Unsat was 4 and decremented to 3

--------------------------------
ITERATION 16: Length of C: 22
Popped element k with id 14 and h-value of 1. k is a singleton fact.

Persistent fact found for k=14! Applying additional context.
    added context: 
Persistent fact found for k=14! Applying additional context.
    added context: (9, 14): val 2, 
--------------------------------
ITERATION 17: Length of C: 22
Popped element k with id 84 and h-value of 1. k is a pair of facts (4,14)

Persistent fact found for f=4! Applying additional context.
    added context: 
Persistent fact found for f=4! Applying additional context.
    added context: (9, 4): val 2, 
--------------------------------
ITERATION 18: Length of C: 22
Popped element k with id 4 and h-value of 1. k is a singleton fact.

Action 11 has k as precondition. Unsat was 3 and decremented to 2

Action 12 has k as precondition. Unsat was 3 and decremented to 2

Action 13 has k as precondition. Unsat was 2 and decremented to 1

--------------------------------
ITERATION 19: Length of C: 21
Popped element k with id 140 and h-value of 1. k is a pair of facts (11,14)

--------------------------------
ITERATION 20: Length of C: 20
Popped element k with id 81 and h-value of 1. k is a pair of facts (4,11)

--------------------------------
ITERATION 21: Length of C: 19
Popped element k with id 135 and h-value of 1. k is a pair of facts (10,14)

--------------------------------
ITERATION 22: Length of C: 18
Popped element k with id 80 and h-value of 1. k is a pair of facts (4,10)

Action 13 has k as precondition. Unsat was 1 and decremented to 0, so we apply the action

id_q 0 variable is 4 - mutex optimisation triggered
id_q 1 variable is 4 - mutex optimisation triggered
id_q 2 variable is 4 - mutex optimisation triggered
id_q 3 variable is 4 - mutex optimisation triggered
id_q 4 variable is 4 - mutex optimisation triggered
id_q 5 variable is 1 - applying additional context for persistent fact
    added context: 
id_q 6 variable is 1 - applying additional context for persistent fact
    added context: 
id_q 7 variable is 1 - persistent fact not yet applicable, storing for later
id_q 8 variable is 0 - mutex with precondition
id_q 9 variable is 0 - mutex with precondition
id_q 10 variable is 0 - applying additional context for prevail fact
    added context: 
id_q 11 variable is 2 - applying additional context for persistent fact
    added context: 
id_q 12 variable is 2 - persistent fact not yet applicable, storing for later
id_q 13 variable is 3 - mutex optimisation triggered
id_q 14 variable is 3 - mutex optimisation triggered

Applying the action itself: added 

--------------------------------
ITERATION 23: Length of C: 17
Popped element k with id 105 and h-value of 1. k is a pair of facts (6,14)

--------------------------------
ITERATION 24: Length of C: 16
Popped element k with id 76 and h-value of 1. k is a pair of facts (4,6)

--------------------------------
ITERATION 25: Length of C: 15
Popped element k with id 95 and h-value of 1. k is a pair of facts (5,14)

--------------------------------
ITERATION 26: Length of C: 14
Popped element k with id 75 and h-value of 1. k is a pair of facts (4,5)

--------------------------------
ITERATION 27: Length of C: 13
Popped element k with id 9 and h-value of 1. k is a singleton fact.

Action 5 has k as precondition. Unsat was 1 and decremented to 0, so we apply the action

id_q 0 variable is 4 - persistent fact not yet applicable, storing for later
id_q 1 variable is 4 - persistent fact not yet applicable, storing for later
id_q 2 variable is 4 - applying additional context for persistent fact
    added context: (8, 2): val 2, 
id_q 3 variable is 4 - persistent fact not yet applicable, storing for later
id_q 4 variable is 4 - applying additional context for persistent fact
    added context: (8, 4): val 2, 
id_q 5 variable is 1 - applying additional context for persistent fact
    added context: (8, 5): val 2, 
id_q 6 variable is 1 - applying additional context for persistent fact
    added context: (8, 6): val 2, 
id_q 7 variable is 1 - persistent fact not yet applicable, storing for later
id_q 8 variable is 0 - mutex optimisation triggered
id_q 9 variable is 0 - mutex optimisation triggered
id_q 10 variable is 0 - mutex optimisation triggered
id_q 11 variable is 2 - applying additional context for persistent fact
    added context: (8, 11): val 2, 
id_q 12 variable is 2 - persistent fact not yet applicable, storing for later
id_q 13 variable is 3 - applying additional context for persistent fact
    added context: (8, 13): val 2, 
id_q 14 variable is 3 - applying additional context for persistent fact
    added context: (8, 14): val 2, 

Applying the action itself: added (8, 8): val 2, 

Action 6 has k as precondition. Unsat was 1 and decremented to 0, so we apply the action

id_q 0 variable is 4 - persistent fact not yet applicable, storing for later
id_q 1 variable is 4 - persistent fact not yet applicable, storing for later
id_q 2 variable is 4 - applying additional context for persistent fact
    added context: 
id_q 3 variable is 4 - persistent fact not yet applicable, storing for later
id_q 4 variable is 4 - applying additional context for persistent fact
    added context: 
id_q 5 variable is 1 - applying additional context for persistent fact
    added context: 
id_q 6 variable is 1 - applying additional context for persistent fact
    added context: 
id_q 7 variable is 1 - persistent fact not yet applicable, storing for later
id_q 8 variable is 0 - mutex optimisation triggered
id_q 9 variable is 0 - mutex optimisation triggered
id_q 10 variable is 0 - mutex optimisation triggered
id_q 11 variable is 2 - applying additional context for persistent fact
    added context: 
id_q 12 variable is 2 - persistent fact not yet applicable, storing for later
id_q 13 variable is 3 - applying additional context for persistent fact
    added context: 
id_q 14 variable is 3 - applying additional context for persistent fact
    added context: 

Applying the action itself: added 

Action 12 has k as precondition. Unsat was 2 and decremented to 1

Action 18 has k as precondition. Unsat was 5 and decremented to 4

Persistent fact found for k=9! Applying additional context.
    added context: 
Persistent fact found for k=9! Applying additional context.
    added context: 
Persistent fact found for k=9! Applying additional context.
    added context: (7, 9): val 2, 
--------------------------------
ITERATION 28: Length of C: 21
Popped element k with id 128 and h-value of 1. k is a pair of facts (9,13)

Action 18 has k as precondition. Unsat was 4 and decremented to 3

--------------------------------
ITERATION 29: Length of C: 20
Popped element k with id 126 and h-value of 1. k is a pair of facts (9,11)

--------------------------------
ITERATION 30: Length of C: 19
Popped element k with id 100 and h-value of 1. k is a pair of facts (6,9)

--------------------------------
ITERATION 31: Length of C: 18
Popped element k with id 90 and h-value of 1. k is a pair of facts (5,9)

--------------------------------
ITERATION 32: Length of C: 17
Popped element k with id 54 and h-value of 1. k is a pair of facts (2,9)

--------------------------------
ITERATION 33: Length of C: 16
Popped element k with id 6 and h-value of 1. k is a singleton fact.

Action 1 has k as precondition. Unsat was 1 and decremented to 0, so we apply the action

id_q 0 variable is 4 - persistent fact not yet applicable, storing for later
id_q 1 variable is 4 - persistent fact not yet applicable, storing for later
id_q 2 variable is 4 - applying additional context for persistent fact
    added context: 
id_q 3 variable is 4 - persistent fact not yet applicable, storing for later
id_q 4 variable is 4 - applying additional context for persistent fact
    added context: 
id_q 5 variable is 1 - mutex optimisation triggered
id_q 6 variable is 1 - mutex optimisation triggered
id_q 7 variable is 1 - mutex optimisation triggered
id_q 8 variable is 0 - applying additional context for persistent fact
    added context: 
id_q 9 variable is 0 - applying additional context for persistent fact
    added context: 
id_q 10 variable is 0 - applying additional context for persistent fact
    added context: 
id_q 11 variable is 2 - applying additional context for persistent fact
    added context: 
id_q 12 variable is 2 - persistent fact not yet applicable, storing for later
id_q 13 variable is 3 - applying additional context for persistent fact
    added context: 
id_q 14 variable is 3 - applying additional context for persistent fact
    added context: 

Applying the action itself: added 

Action 2 has k as precondition. Unsat was 1 and decremented to 0, so we apply the action

id_q 0 variable is 4 - persistent fact not yet applicable, storing for later
id_q 1 variable is 4 - persistent fact not yet applicable, storing for later
id_q 2 variable is 4 - applying additional context for persistent fact
    added context: (7, 2): val 2, 
id_q 3 variable is 4 - persistent fact not yet applicable, storing for later
id_q 4 variable is 4 - applying additional context for persistent fact
    added context: (7, 4): val 2, 
id_q 5 variable is 1 - mutex optimisation triggered
id_q 6 variable is 1 - mutex optimisation triggered
id_q 7 variable is 1 - mutex optimisation triggered
id_q 8 variable is 0 - applying additional context for persistent fact
    added context: (7, 8): val 2, 
id_q 9 variable is 0 - applying additional context for persistent fact
    added context: 
id_q 10 variable is 0 - applying additional context for persistent fact
    added context: (7, 10): val 2, 
id_q 11 variable is 2 - applying additional context for persistent fact
    added context: (7, 11): val 2, 
id_q 12 variable is 2 - persistent fact not yet applicable, storing for later
id_q 13 variable is 3 - applying additional context for persistent fact
    added context: (7, 13): val 2, 
id_q 14 variable is 3 - applying additional context for persistent fact
    added context: (7, 14): val 2, 

Applying the action itself: added (7, 7): val 2, 

Action 9 has k as precondition. Unsat was 3 and decremented to 2

Action 15 has k as precondition. Unsat was 5 and decremented to 4

Action 20 has k as precondition. Unsat was 3 and decremented to 2

--------------------------------
ITERATION 34: Length of C: 23
Popped element k with id 104 and h-value of 1. k is a pair of facts (6,13)

--------------------------------
ITERATION 35: Length of C: 22
Popped element k with id 102 and h-value of 1. k is a pair of facts (6,11)

Action 15 has k as precondition. Unsat was 4 and decremented to 3

--------------------------------
ITERATION 36: Length of C: 21
Popped element k with id 101 and h-value of 1. k is a pair of facts (6,10)

Action 20 has k as precondition. Unsat was 2 and decremented to 1

--------------------------------
ITERATION 37: Length of C: 20
Popped element k with id 51 and h-value of 1. k is a pair of facts (2,6)

Action 20 has k as precondition. Unsat was 1 and decremented to 0, so we apply the action

op_goal, so we add fact_goal to the queue

--------------------------------
ITERATION 38: Length of C: 20
Popped element k with id 15 and h-value of 1.

Found goal! k = 15
Returning heuristic value: 1



STARTING HEURISTIC COMPUTATION:

--------------------------------
ITERATION 0: Length of C: 16
Popped element k with id 16 and h-value of 0. k is a singleton fact.

--------------------------------
ITERATION 1: Length of C: 15
Popped element k with id 4 and h-value of 0. k is a singleton fact.

Action 11 has k as precondition. Unsat was 3 and decremented to 2

Action 12 has k as precondition. Unsat was 3 and decremented to 2

Action 13 has k as precondition. Unsat was 3 and decremented to 2

--------------------------------
ITERATION 2: Length of C: 14
Popped element k with id 84 and h-value of 0. k is a pair of facts (4,14)

--------------------------------
ITERATION 3: Length of C: 13
Popped element k with id 14 and h-value of 0. k is a singleton fact.

--------------------------------
ITERATION 4: Length of C: 12
Popped element k with id 81 and h-value of 0. k is a pair of facts (4,11)

--------------------------------
ITERATION 5: Length of C: 11
Popped element k with id 140 and h-value of 0. k is a pair of facts (11,14)

--------------------------------
ITERATION 6: Length of C: 10
Popped element k with id 11 and h-value of 0. k is a singleton fact.

Action 14 has k as precondition. Unsat was 6 and decremented to 5

Action 15 has k as precondition. Unsat was 6 and decremented to 5

Action 16 has k as precondition. Unsat was 6 and decremented to 5

--------------------------------
ITERATION 7: Length of C: 9
Popped element k with id 77 and h-value of 0. k is a pair of facts (4,7)

Persistent fact found for q=7! Applying additional context.
    added context: (9, 7): val 1, 
Persistent fact found for q=7! Applying additional context.
    added context: (2, 7): val 1, (13, 7): val 1, 
Persistent fact found for q=7! Applying additional context.
    added context: 
--------------------------------
ITERATION 8: Length of C: 11
Popped element k with id 114 and h-value of 0. k is a pair of facts (7,14)

Persistent fact found for f=7! Applying additional context.
    added context: (8, 7): val 1, 
Persistent fact found for f=7! Applying additional context.
    added context: 
--------------------------------
ITERATION 9: Length of C: 11
Popped element k with id 111 and h-value of 0. k is a pair of facts (7,11)

Action 16 has k as precondition. Unsat was 5 and decremented to 4

--------------------------------
ITERATION 10: Length of C: 10
Popped element k with id 7 and h-value of 0. k is a singleton fact.

Action 3 has k as precondition. Unsat was 1 and decremented to 0, so we apply the action

id_q 0 variable is 4 - persistent fact not yet applicable, storing for later
id_q 1 variable is 4 - persistent fact not yet applicable, storing for later
id_q 2 variable is 4 - applying additional context for persistent fact
    added context: (6, 2): val 1, 
id_q 3 variable is 4 - persistent fact not yet applicable, storing for later
id_q 4 variable is 4 - applying additional context for persistent fact
    added context: (6, 4): val 1, 
id_q 5 variable is 1 - mutex optimisation triggered
id_q 6 variable is 1 - mutex optimisation triggered
id_q 7 variable is 1 - mutex optimisation triggered
id_q 8 variable is 0 - applying additional context for persistent fact
    added context: (6, 8): val 1, 
id_q 9 variable is 0 - applying additional context for persistent fact
    added context: (6, 9): val 1, 
id_q 10 variable is 0 - applying additional context for persistent fact
    added context: (6, 10): val 1, 
id_q 11 variable is 2 - applying additional context for persistent fact
    added context: (6, 11): val 1, 
id_q 12 variable is 2 - persistent fact not yet applicable, storing for later
id_q 13 variable is 3 - applying additional context for persistent fact
    added context: (6, 13): val 1, 
id_q 14 variable is 3 - applying additional context for persistent fact
    added context: (6, 14): val 1, 

Applying the action itself: added (6, 6): val 1, 

Action 10 has k as precondition. Unsat was 3 and decremented to 2

Action 16 has k as precondition. Unsat was 4 and decremented to 3

--------------------------------
ITERATION 11: Length of C: 18
Popped element k with id 80 and h-value of 0. k is a pair of facts (4,10)

Action 13 has k as precondition. Unsat was 2 and decremented to 1

--------------------------------
ITERATION 12: Length of C: 17
Popped element k with id 135 and h-value of 0. k is a pair of facts (10,14)

--------------------------------
ITERATION 13: Length of C: 16
Popped element k with id 132 and h-value of 0. k is a pair of facts (10,11)

--------------------------------
ITERATION 14: Length of C: 15
Popped element k with id 110 and h-value of 0. k is a pair of facts (7,10)

--------------------------------
ITERATION 15: Length of C: 14
Popped element k with id 10 and h-value of 0. k is a singleton fact.

Action 7 has k as precondition. Unsat was 1 and decremented to 0, so we apply the action

id_q 0 variable is 4 - persistent fact not yet applicable, storing for later
id_q 1 variable is 4 - persistent fact not yet applicable, storing for later
id_q 2 variable is 4 - persistent fact not yet applicable, storing for later
id_q 3 variable is 4 - persistent fact not yet applicable, storing for later
id_q 4 variable is 4 - applying additional context for persistent fact
    added context: (9, 4): val 1, 
id_q 5 variable is 1 - persistent fact not yet applicable, storing for later
id_q 6 variable is 1 - applying additional context for persistent fact
    added context: 
id_q 7 variable is 1 - applying additional context for persistent fact
    added context: 
id_q 8 variable is 0 - mutex optimisation triggered
id_q 9 variable is 0 - mutex optimisation triggered
id_q 10 variable is 0 - mutex optimisation triggered
id_q 11 variable is 2 - applying additional context for persistent fact
    added context: (9, 11): val 1, 
id_q 12 variable is 2 - persistent fact not yet applicable, storing for later
id_q 13 variable is 3 - persistent fact not yet applicable, storing for later
id_q 14 variable is 3 - applying additional context for persistent fact
    added context: (9, 14): val 1, 

Applying the action itself: added (9, 9): val 1, 

Action 13 has k as precondition. Unsat was 1 and decremented to 0, so we apply the action

id_q 0 variable is 4 - mutex optimisation triggered
id_q 1 variable is 4 - mutex optimisation triggered
id_q 2 variable is 4 - mutex optimisation triggered
id_q 3 variable is 4 - mutex optimisation triggered
id_q 4 variable is 4 - mutex optimisation triggered
id_q 5 variable is 1 - persistent fact not yet applicable, storing for later
id_q 6 variable is 1 - applying additional context for persistent fact
    added context: 
id_q 7 variable is 1 - applying additional context for persistent fact
    added context: 
id_q 8 variable is 0 - mutex with precondition
id_q 9 variable is 0 - mutex with precondition
id_q 10 variable is 0 - applying additional context for prevail fact
    added context: (2, 10): val 1, (13, 10): val 1, 
id_q 11 variable is 2 - applying additional context for persistent fact
    added context: (2, 11): val 1, (13, 11): val 1, 
id_q 12 variable is 2 - persistent fact not yet applicable, storing for later
id_q 13 variable is 3 - mutex optimisation triggered
id_q 14 variable is 3 - mutex optimisation triggered

Applying the action itself: added (2, 2): val 1, (2, 13): val 1, (13, 13): val 1, 

Action 19 has k as precondition. Unsat was 6 and decremented to 5

Action 20 has k as precondition. Unsat was 6 and decremented to 5

--------------------------------
ITERATION 16: Length of C: 24
Popped element k with id 13 and h-value of 1. k is a singleton fact.

Action 17 has k as precondition. Unsat was 6 and decremented to 5

Action 18 has k as precondition. Unsat was 6 and decremented to 5

Action 19 has k as precondition. Unsat was 5 and decremented to 4

Persistent fact found for k=13! Applying additional context.
    added context: (9, 13): val 2, 
--------------------------------
ITERATION 17: Length of C: 24
Popped element k with id 58 and h-value of 1. k is a pair of facts (2,13)

Action 19 has k as precondition. Unsat was 4 and decremented to 3

Persistent fact found for f=2! Applying additional context.
    added context: (9, 2): val 2, 
--------------------------------
ITERATION 18: Length of C: 24
Popped element k with id 2 and h-value of 1. k is a singleton fact.

Action 16 has k as precondition. Unsat was 3 and decremented to 2

Action 19 has k as precondition. Unsat was 3 and decremented to 2

Action 20 has k as precondition. Unsat was 5 and decremented to 4

--------------------------------
ITERATION 19: Length of C: 23
Popped element k with id 139 and h-value of 1. k is a pair of facts (11,13)

--------------------------------
ITERATION 20: Length of C: 22
Popped element k with id 56 and h-value of 1. k is a pair of facts (2,11)

Action 16 has k as precondition. Unsat was 2 and decremented to 1

--------------------------------
ITERATION 21: Length of C: 21
Popped element k with id 134 and h-value of 1. k is a pair of facts (10,13)

Action 19 has k as precondition. Unsat was 2 and decremented to 1

--------------------------------
ITERATION 22: Length of C: 20
Popped element k with id 55 and h-value of 1. k is a pair of facts (2,10)

Action 19 has k as precondition. Unsat was 1 and decremented to 0, so we apply the action

id_q 0 variable is 4 - mutex optimisation triggered
id_q 1 variable is 4 - mutex optimisation triggered
id_q 2 variable is 4 - mutex optimisation triggered
id_q 3 variable is 4 - mutex optimisation triggered
id_q 4 variable is 4 - mutex optimisation triggered
id_q 5 variable is 1 - persistent fact not yet applicable, storing for later
id_q 6 variable is 1 - applying additional context for persistent fact
    added context: 
id_q 7 variable is 1 - applying additional context for persistent fact
    added context: 
id_q 8 variable is 0 - mutex with precondition
id_q 9 variable is 0 - mutex with precondition
id_q 10 variable is 0 - applying additional context for prevail fact
    added context: 
id_q 11 variable is 2 - applying additional context for persistent fact
    added context: 
id_q 12 variable is 2 - persistent fact not yet applicable, storing for later
id_q 13 variable is 3 - mutex optimisation triggered
id_q 14 variable is 3 - mutex optimisation triggered

Applying the action itself: added 

Action 20 has k as precondition. Unsat was 4 and decremented to 3

--------------------------------
ITERATION 23: Length of C: 19
Popped element k with id 9 and h-value of 1. k is a singleton fact.

Action 5 has k as precondition. Unsat was 1 and decremented to 0, so we apply the action

id_q 0 variable is 4 - persistent fact not yet applicable, storing for later
id_q 1 variable is 4 - persistent fact not yet applicable, storing for later
id_q 2 variable is 4 - applying additional context for persistent fact
    added context: (8, 2): val 2, 
id_q 3 variable is 4 - persistent fact not yet applicable, storing for later
id_q 4 variable is 4 - applying additional context for persistent fact
    added context: (8, 4): val 2, 
id_q 5 variable is 1 - persistent fact not yet applicable, storing for later
id_q 6 variable is 1 - applying additional context for persistent fact
    added context: 
id_q 7 variable is 1 - applying additional context for persistent fact
    added context: 
id_q 8 variable is 0 - mutex optimisation triggered
id_q 9 variable is 0 - mutex optimisation triggered
id_q 10 variable is 0 - mutex optimisation triggered
id_q 11 variable is 2 - applying additional context for persistent fact
    added context: (8, 11): val 2, 
id_q 12 variable is 2 - persistent fact not yet applicable, storing for later
id_q 13 variable is 3 - applying additional context for persistent fact
    added context: (8, 13): val 2, 
id_q 14 variable is 3 - applying additional context for persistent fact
    added context: (8, 14): val 2, 

Applying the action itself: added (8, 8): val 2, 

Action 6 has k as precondition. Unsat was 1 and decremented to 0, so we apply the action

id_q 0 variable is 4 - persistent fact not yet applicable, storing for later
id_q 1 variable is 4 - persistent fact not yet applicable, storing for later
id_q 2 variable is 4 - applying additional context for persistent fact
    added context: 
id_q 3 variable is 4 - persistent fact not yet applicable, storing for later
id_q 4 variable is 4 - applying additional context for persistent fact
    added context: 
id_q 5 variable is 1 - persistent fact not yet applicable, storing for later
id_q 6 variable is 1 - applying additional context for persistent fact
    added context: 
id_q 7 variable is 1 - applying additional context for persistent fact
    added context: 
id_q 8 variable is 0 - mutex optimisation triggered
id_q 9 variable is 0 - mutex optimisation triggered
id_q 10 variable is 0 - mutex optimisation triggered
id_q 11 variable is 2 - applying additional context for persistent fact
    added context: 
id_q 12 variable is 2 - persistent fact not yet applicable, storing for later
id_q 13 variable is 3 - applying additional context for persistent fact
    added context: 
id_q 14 variable is 3 - applying additional context for persistent fact
    added context: 

Applying the action itself: added 

Action 12 has k as precondition. Unsat was 2 and decremented to 1

Action 18 has k as precondition. Unsat was 5 and decremented to 4

--------------------------------
ITERATION 24: Length of C: 24
Popped element k with id 129 and h-value of 1. k is a pair of facts (9,14)

--------------------------------
ITERATION 25: Length of C: 23
Popped element k with id 126 and h-value of 1. k is a pair of facts (9,11)

--------------------------------
ITERATION 26: Length of C: 22
Popped element k with id 79 and h-value of 1. k is a pair of facts (4,9)

Action 12 has k as precondition. Unsat was 1 and decremented to 0, so we apply the action

id_q 0 variable is 4 - mutex optimisation triggered
id_q 1 variable is 4 - mutex optimisation triggered
id_q 2 variable is 4 - mutex optimisation triggered
id_q 3 variable is 4 - mutex optimisation triggered
id_q 4 variable is 4 - mutex optimisation triggered
id_q 5 variable is 1 - persistent fact not yet applicable, storing for later
id_q 6 variable is 1 - applying additional context for persistent fact
    added context: (1, 6): val 2, 
id_q 7 variable is 1 - applying additional context for persistent fact
    added context: (1, 7): val 2, 
id_q 8 variable is 0 - mutex with precondition
id_q 9 variable is 0 - applying additional context for prevail fact
    added context: (1, 9): val 2, 
id_q 10 variable is 0 - mutex with precondition
id_q 11 variable is 2 - applying additional context for persistent fact
    added context: (1, 11): val 2, 
id_q 12 variable is 2 - persistent fact not yet applicable, storing for later
id_q 13 variable is 3 - mutex optimisation triggered
id_q 14 variable is 3 - mutex optimisation triggered

Applying the action itself: added (1, 1): val 2, (1, 13): val 2, 

--------------------------------
ITERATION 27: Length of C: 27
Popped element k with id 6 and h-value of 1. k is a singleton fact.

Action 1 has k as precondition. Unsat was 1 and decremented to 0, so we apply the action

id_q 0 variable is 4 - persistent fact not yet applicable, storing for later
id_q 1 variable is 4 - applying additional context for persistent fact
    added context: (5, 1): val 2, 
id_q 2 variable is 4 - applying additional context for persistent fact
    added context: (5, 2): val 2, 
id_q 3 variable is 4 - persistent fact not yet applicable, storing for later
id_q 4 variable is 4 - applying additional context for persistent fact
    added context: (5, 4): val 2, 
id_q 5 variable is 1 - mutex optimisation triggered
id_q 6 variable is 1 - mutex optimisation triggered
id_q 7 variable is 1 - mutex optimisation triggered
id_q 8 variable is 0 - applying additional context for persistent fact
    added context: (5, 8): val 2, 
id_q 9 variable is 0 - applying additional context for persistent fact
    added context: (5, 9): val 2, 
id_q 10 variable is 0 - applying additional context for persistent fact
    added context: (5, 10): val 2, 
id_q 11 variable is 2 - applying additional context for persistent fact
    added context: (5, 11): val 2, 
id_q 12 variable is 2 - persistent fact not yet applicable, storing for later
id_q 13 variable is 3 - applying additional context for persistent fact
    added context: (5, 13): val 2, 
id_q 14 variable is 3 - applying additional context for persistent fact
    added context: (5, 14): val 2, 

Applying the action itself: added (5, 5): val 2, 

Action 2 has k as precondition. Unsat was 1 and decremented to 0, so we apply the action

id_q 0 variable is 4 - persistent fact not yet applicable, storing for later
id_q 1 variable is 4 - applying additional context for persistent fact
    added context: 
id_q 2 variable is 4 - applying additional context for persistent fact
    added context: 
id_q 3 variable is 4 - persistent fact not yet applicable, storing for later
id_q 4 variable is 4 - applying additional context for persistent fact
    added context: 
id_q 5 variable is 1 - mutex optimisation triggered
id_q 6 variable is 1 - mutex optimisation triggered
id_q 7 variable is 1 - mutex optimisation triggered
id_q 8 variable is 0 - applying additional context for persistent fact
    added context: 
id_q 9 variable is 0 - applying additional context for persistent fact
    added context: 
id_q 10 variable is 0 - applying additional context for persistent fact
    added context: 
id_q 11 variable is 2 - applying additional context for persistent fact
    added context: 
id_q 12 variable is 2 - persistent fact not yet applicable, storing for later
id_q 13 variable is 3 - applying additional context for persistent fact
    added context: 
id_q 14 variable is 3 - applying additional context for persistent fact
    added context: 

Applying the action itself: added 

Action 9 has k as precondition. Unsat was 3 and decremented to 2

Action 15 has k as precondition. Unsat was 5 and decremented to 4

Action 20 has k as precondition. Unsat was 3 and decremented to 2

--------------------------------
ITERATION 28: Length of C: 36
Popped element k with id 105 and h-value of 1. k is a pair of facts (6,14)

--------------------------------
ITERATION 29: Length of C: 35
Popped element k with id 104 and h-value of 1. k is a pair of facts (6,13)

--------------------------------
ITERATION 30: Length of C: 34
Popped element k with id 102 and h-value of 1. k is a pair of facts (6,11)

Action 15 has k as precondition. Unsat was 4 and decremented to 3

--------------------------------
ITERATION 31: Length of C: 33
Popped element k with id 101 and h-value of 1. k is a pair of facts (6,10)

Action 20 has k as precondition. Unsat was 2 and decremented to 1

--------------------------------
ITERATION 32: Length of C: 32
Popped element k with id 100 and h-value of 1. k is a pair of facts (6,9)

--------------------------------
ITERATION 33: Length of C: 31
Popped element k with id 99 and h-value of 1. k is a pair of facts (6,8)

Persistent fact found for q=8! Applying additional context.
    added context: 
Persistent fact found for q=8! Applying additional context.
    added context: 
Persistent fact found for q=8! Applying additional context.
    added context: 
--------------------------------
ITERATION 34: Length of C: 30
Popped element k with id 76 and h-value of 1. k is a pair of facts (4,6)

--------------------------------
ITERATION 35: Length of C: 29
Popped element k with id 51 and h-value of 1. k is a pair of facts (2,6)

Action 20 has k as precondition. Unsat was 1 and decremented to 0, so we apply the action

op_goal, so we add fact_goal to the queue

--------------------------------
ITERATION 36: Length of C: 29
Popped element k with id 15 and h-value of 1.

Found goal! k = 15
Returning heuristic value: 1



STARTING HEURISTIC COMPUTATION:

--------------------------------
ITERATION 0: Length of C: 16
Popped element k with id 16 and h-value of 0. k is a singleton fact.

--------------------------------
ITERATION 1: Length of C: 15
Popped element k with id 2 and h-value of 0. k is a singleton fact.

Action 16 has k as precondition. Unsat was 6 and decremented to 5

Action 19 has k as precondition. Unsat was 6 and decremented to 5

Action 20 has k as precondition. Unsat was 6 and decremented to 5

--------------------------------
ITERATION 2: Length of C: 14
Popped element k with id 58 and h-value of 0. k is a pair of facts (2,13)

Action 19 has k as precondition. Unsat was 5 and decremented to 4

--------------------------------
ITERATION 3: Length of C: 13
Popped element k with id 13 and h-value of 0. k is a singleton fact.

Action 17 has k as precondition. Unsat was 6 and decremented to 5

Action 18 has k as precondition. Unsat was 6 and decremented to 5

Action 19 has k as precondition. Unsat was 4 and decremented to 3

--------------------------------
ITERATION 4: Length of C: 12
Popped element k with id 56 and h-value of 0. k is a pair of facts (2,11)

Action 16 has k as precondition. Unsat was 5 and decremented to 4

--------------------------------
ITERATION 5: Length of C: 11
Popped element k with id 139 and h-value of 0. k is a pair of facts (11,13)

--------------------------------
ITERATION 6: Length of C: 10
Popped element k with id 11 and h-value of 0. k is a singleton fact.

Action 14 has k as precondition. Unsat was 6 and decremented to 5

Action 15 has k as precondition. Unsat was 6 and decremented to 5

Action 16 has k as precondition. Unsat was 4 and decremented to 3

--------------------------------
ITERATION 7: Length of C: 9
Popped element k with id 51 and h-value of 0. k is a pair of facts (2,6)

Action 20 has k as precondition. Unsat was 5 and decremented to 4

--------------------------------
ITERATION 8: Length of C: 8
Popped element k with id 104 and h-value of 0. k is a pair of facts (6,13)

--------------------------------
ITERATION 9: Length of C: 7
Popped element k with id 102 and h-value of 0. k is a pair of facts (6,11)

Action 15 has k as precondition. Unsat was 5 and decremented to 4

--------------------------------
ITERATION 10: Length of C: 6
Popped element k with id 6 and h-value of 0. k is a singleton fact.

Action 1 has k as precondition. Unsat was 1 and decremented to 0, so we apply the action

id_q 0 variable is 4 - persistent fact not yet applicable, storing for later
id_q 1 variable is 4 - persistent fact not yet applicable, storing for later
id_q 2 variable is 4 - applying additional context for persistent fact
    added context: (5, 2): val 1, 
id_q 3 variable is 4 - persistent fact not yet applicable, storing for later
id_q 4 variable is 4 - persistent fact not yet applicable, storing for later
id_q 5 variable is 1 - mutex optimisation triggered
id_q 6 variable is 1 - mutex optimisation triggered
id_q 7 variable is 1 - mutex optimisation triggered
id_q 8 variable is 0 - persistent fact not yet applicable, storing for later
id_q 9 variable is 0 - persistent fact not yet applicable, storing for later
id_q 10 variable is 0 - applying additional context for persistent fact
    added context: (5, 10): val 1, 
id_q 11 variable is 2 - applying additional context for persistent fact
    added context: (5, 11): val 1, 
id_q 12 variable is 2 - persistent fact not yet applicable, storing for later
id_q 13 variable is 3 - applying additional context for persistent fact
    added context: (5, 13): val 1, 
id_q 14 variable is 3 - persistent fact not yet applicable, storing for later

Applying the action itself: added (5, 5): val 1, 

Action 2 has k as precondition. Unsat was 1 and decremented to 0, so we apply the action

id_q 0 variable is 4 - persistent fact not yet applicable, storing for later
id_q 1 variable is 4 - persistent fact not yet applicable, storing for later
id_q 2 variable is 4 - applying additional context for persistent fact
    added context: (7, 2): val 1, 
id_q 3 variable is 4 - persistent fact not yet applicable, storing for later
id_q 4 variable is 4 - persistent fact not yet applicable, storing for later
id_q 5 variable is 1 - mutex optimisation triggered
id_q 6 variable is 1 - mutex optimisation triggered
id_q 7 variable is 1 - mutex optimisation triggered
id_q 8 variable is 0 - persistent fact not yet applicable, storing for later
id_q 9 variable is 0 - persistent fact not yet applicable, storing for later
id_q 10 variable is 0 - applying additional context for persistent fact
    added context: (7, 10): val 1, 
id_q 11 variable is 2 - applying additional context for persistent fact
    added context: (7, 11): val 1, 
id_q 12 variable is 2 - persistent fact not yet applicable, storing for later
id_q 13 variable is 3 - applying additional context for persistent fact
    added context: (7, 13): val 1, 
id_q 14 variable is 3 - persistent fact not yet applicable, storing for later

Applying the action itself: added (7, 7): val 1, 

Action 9 has k as precondition. Unsat was 3 and decremented to 2

Action 15 has k as precondition. Unsat was 4 and decremented to 3

Action 20 has k as precondition. Unsat was 4 and decremented to 3

--------------------------------
ITERATION 11: Length of C: 15
Popped element k with id 55 and h-value of 0. k is a pair of facts (2,10)

Action 19 has k as precondition. Unsat was 3 and decremented to 2

Action 20 has k as precondition. Unsat was 3 and decremented to 2

--------------------------------
ITERATION 12: Length of C: 14
Popped element k with id 134 and h-value of 0. k is a pair of facts (10,13)

Action 19 has k as precondition. Unsat was 2 and decremented to 1

--------------------------------
ITERATION 13: Length of C: 13
Popped element k with id 132 and h-value of 0. k is a pair of facts (10,11)

--------------------------------
ITERATION 14: Length of C: 12
Popped element k with id 101 and h-value of 0. k is a pair of facts (6,10)

Action 20 has k as precondition. Unsat was 2 and decremented to 1

--------------------------------
ITERATION 15: Length of C: 11
Popped element k with id 10 and h-value of 0. k is a singleton fact.

Action 7 has k as precondition. Unsat was 1 and decremented to 0, so we apply the action

id_q 0 variable is 4 - persistent fact not yet applicable, storing for later
id_q 1 variable is 4 - persistent fact not yet applicable, storing for later
id_q 2 variable is 4 - applying additional context for persistent fact
    added context: (9, 2): val 1, 
id_q 3 variable is 4 - persistent fact not yet applicable, storing for later
id_q 4 variable is 4 - persistent fact not yet applicable, storing for later
id_q 5 variable is 1 - applying additional context for persistent fact
    added context: (9, 5): val 1, 
id_q 6 variable is 1 - applying additional context for persistent fact
    added context: (9, 6): val 1, 
id_q 7 variable is 1 - applying additional context for persistent fact
    added context: (9, 7): val 1, 
id_q 8 variable is 0 - mutex optimisation triggered
id_q 9 variable is 0 - mutex optimisation triggered
id_q 10 variable is 0 - mutex optimisation triggered
id_q 11 variable is 2 - applying additional context for persistent fact
    added context: (9, 11): val 1, 
id_q 12 variable is 2 - persistent fact not yet applicable, storing for later
id_q 13 variable is 3 - applying additional context for persistent fact
    added context: (9, 13): val 1, 
id_q 14 variable is 3 - persistent fact not yet applicable, storing for later

Applying the action itself: added (9, 9): val 1, 

Action 13 has k as precondition. Unsat was 3 and decremented to 2

Action 19 has k as precondition. Unsat was 1 and decremented to 0, so we apply the action

id_q 0 variable is 4 - mutex optimisation triggered
id_q 1 variable is 4 - mutex optimisation triggered
id_q 2 variable is 4 - mutex optimisation triggered
id_q 3 variable is 4 - mutex optimisation triggered
id_q 4 variable is 4 - mutex optimisation triggered
id_q 5 variable is 1 - applying additional context for persistent fact
    added context: (4, 5): val 1, (14, 5): val 1, 
id_q 6 variable is 1 - applying additional context for persistent fact
    added context: (4, 6): val 1, (14, 6): val 1, 
id_q 7 variable is 1 - applying additional context for persistent fact
    added context: (4, 7): val 1, (14, 7): val 1, 
id_q 8 variable is 0 - mutex with precondition
id_q 9 variable is 0 - mutex with precondition
id_q 10 variable is 0 - applying additional context for prevail fact
    added context: (4, 10): val 1, (14, 10): val 1, 
id_q 11 variable is 2 - applying additional context for persistent fact
    added context: (4, 11): val 1, (14, 11): val 1, 
id_q 12 variable is 2 - persistent fact not yet applicable, storing for later
id_q 13 variable is 3 - mutex optimisation triggered
id_q 14 variable is 3 - mutex optimisation triggered

Applying the action itself: added (4, 4): val 1, (4, 14): val 1, (14, 14): val 1, 

Action 20 has k as precondition. Unsat was 1 and decremented to 0, so we apply the action

op_goal, so we add fact_goal to the queue

--------------------------------
ITERATION 16: Length of C: 31
Popped element k with id 15 and h-value of 0.

Found goal! k = 15
Returning heuristic value: 0

[0.007s 4MB] GPLAN: A*: Found goal state. g: 5, f: 5, h: 0
[0.007s 4MB] GPLAN: Search steps: 6, expand: 5, expand-blfl: 4, eval: 13, gen: 13, open: 7, closed: 6, reopen: 0, de: 0, de-blfl: 0, f: 5
[0.007s 4MB] GPLAN: Plan found.
[0.007s 4MB] GPLAN: Plan Cost: 5
[0.007s 4MB] GPLAN: Plan Length: 5
[0.010s 4MB] GPLAN: Overall Elapsed Time: 0.0105s
